0,"가파르게 치솟던 물가, 꺾인 걸까? ""기름값 빼고는 여전""",SBS 뉴스,no date,https://news.google.com./articles/CAIiEHdNhVFQ1iqShy-cec_ktp4qGQgEKhAIACoHCAow_L3zCjDDytMCMLXrrgM?uo=CAUiOmh0dHBzOi8vbmV3cy5zYnMuY28ua3IvbmV3cy9lbmRQYWdlLmRvP25ld3NfaWQ9TjEwMDY4ODM2MzPSAQA&hl=ko&gl=KR&ceid=KR%3Ako
1,"1월 물가 3.6%↑, 넉달째 3%대…2월엔 기름값 더 오른다(종합2보)",연합뉴스,2022-02-04T08:00:00,https://news.google.com./articles/CBMiL2h0dHBzOi8vd3d3LnluYS5jby5rci92aWV3L0FLUjIwMjIwMjA0MDIwNTU0MDAy0gExaHR0cHM6Ly9tLnluYS5jby5rci9hbXAvdmlldy9BS1IyMDIyMDIwNDAyMDU1NDAwMg?hl=ko&gl=KR&ceid=KR%3Ako
2,‘2591원 주유소’도 등장… 기름값 폭등에 물가 비상,국민일보,2022-02-28T08:00:00,https://news.google.com./articles/CBMiLmh0dHBzOi8vbS5rbWliLmNvLmtyL3ZpZXcuYXNwP2FyY2lkPTA5MjQyMzM2NDLSATJodHRwczovL20ua21pYi5jby5rci92aWV3X2FtcC5hc3A_YXJjaWQ9MDkyNDIzMzY0Mg?hl=ko&gl=KR&ceid=KR%3Ako
3,기름값이 끌어올린 물가…'유류세 카드'만으론 역부족,KBS뉴스,2022-03-04T08:00:00,https://news.google.com./articles/CBMiL2h0dHBzOi8vbmV3cy5rYnMuY28ua3IvbmV3cy92aWV3LmRvP25jZD01NDA5MTI00gEA?hl=ko&gl=KR&ceid=KR%3Ako
4,"[뉴스외전 경제 '쏙'] '우크라' 사태, 세계 경제 요동‥기름값·물가, 어디까지 오를까?",MBC뉴스,2022-03-04T08:00:00,https://news.google.com./articles/CBMiRWh0dHBzOi8vaW1uZXdzLmltYmMuY29tL3JlcGxheS8yMDIyL253MTQwMC9hcnRpY2xlLzYzNDcwMDNfMzU3MjIuaHRtbNIBRWh0dHBzOi8vaW1uZXdzLmltYmMuY29tL3JlcGxheS8yMDIyL253MTQwMC9hcnRpY2xlLzYzNDcwMDNfMzU3MjMuaHRtbA?hl=ko&gl=KR&ceid=KR%3Ako
5,"“기업도 물가 안정 협조하라”… ‘추경 중독’ 文정부, 인플레 기름 붓고 반성 없어 - 조선비즈",조선비즈,2022-03-04T08:00:00,https://news.google.com./articles/CBMiT2h0dHBzOi8vYml6LmNob3N1bi5jb20vcG9saWN5L3BvbGljeV9zdWIvMjAyMi8wMy8wNC81WFZGTENHSU81RUZWTFdMT1kyNVNJT0FXTS_SAV5odHRwczovL2Jpei5jaG9zdW4uY29tL3BvbGljeS9wb2xpY3lfc3ViLzIwMjIvMDMvMDQvNVhWRkxDR0lPNUVGVkxXTE9ZMjVTSU9BV00vP291dHB1dFR5cGU9YW1w?hl=ko&gl=KR&ceid=KR%3Ako
6,기름값 급등…소비자물가 상승률 4% '턱밑',SBS 뉴스,2022-03-04T19:51:00,https://news.google.com./articles/CAIiENuddJGXCzT2l8ynlUUDELwqGQgEKhAIACoHCAow_L3zCjDDytMCMO7Q9gY?uo=CAUiOmh0dHBzOi8vbmV3cy5zYnMuY28ua3IvbmV3cy9lbmRQYWdlLmRvP25ld3NfaWQ9TjEwMDY2NjQxMDHSAQA&hl=ko&gl=KR&ceid=KR%3Ako
7,소비자물가 상승률 4% '턱밑'…기름값 급등,SBS 뉴스,2022-03-05T08:00:00,https://news.google.com./articles/CAIiENGcPW19RlvvOLECLOEA4e8qGQgEKhAIACoHCAow_L3zCjDDytMCMO7Q9gY?uo=CAUiOmh0dHBzOi8vbmV3cy5zYnMuY28ua3IvbmV3cy9lbmRQYWdlLmRvP25ld3NfaWQ9TjEwMDY2NjQzNzjSAQA&hl=ko&gl=KR&ceid=KR%3Ako
8,"""기름값 때문에 어딜 갈 수가 없다""…전쟁만큼 무서운 `인플레 파도` 덮친 미국 [추적자 추기자]",매일경제,2022-03-12T08:00:00,https://news.google.com./articles/CBMiNWh0dHBzOi8vbS5tay5jby5rci9uZXdzL2J1c2luZXNzL3ZpZXcvMjAyMi8wMy8yMzA3OTEv0gE5aHR0cHM6Ly9tLm1rLmNvLmtyL25ld3MvYnVzaW5lc3Mvdmlldy1hbXAvMjAyMi8wMy8yMzA3OTEv?hl=ko&gl=KR&ceid=KR%3Ako
9,[윤석열 시대 개막] 우크라 사태로 치솟는 기름값·물가...첫 시험대 올라,아주경제,2022-03-14T07:00:00,https://news.google.com./articles/CAIiEBZyjBYzWSv9Yrw01Y8SenQqGAgEKg8IACoHCAowooqjAjD-pEAwgam4Bw?uo=CAUiLmh0dHBzOi8vd3d3LmFqdW5ld3MuY29tL3ZpZXcvMjAyMjAzMTMxMzU2NTIyMzLSAQA&hl=ko&gl=KR&ceid=KR%3Ako
10,"수입물가, 기름값 상승 원화 약세에 두 달 연속↑...9년 5개월 만 최고",매일경제,2022-03-15T07:00:00,https://news.google.com./articles/CAIiEPX1qfzUJrrBbOykqyNiEHQqGQgEKhAIACoHCAow2t-aCDDArqABMNST5AU?uo=CAUiNmh0dHBzOi8vd3d3Lm1rLmNvLmtyL25ld3MvZWNvbm9teS92aWV3LzIwMjIvMDMvMjM2Mzc2L9IBAA&hl=ko&gl=KR&ceid=KR%3Ako
11,"기름값, 얼마나 내려가나···“물가 안정 효과는 제한”",경향신문,2022-04-05T07:00:00,https://news.google.com./articles/CBMiLGh0dHBzOi8vbS5raGFuLmNvLmtyL2FydGljbGUvMjAyMjA0MDUxNTQ5MDAx0gEA?hl=ko&gl=KR&ceid=KR%3Ako
12,천정부지 기름값-외식비…제주 소비자물가 14년 만에 최고치,제주의소리,2022-04-05T07:00:00,https://news.google.com./articles/CBMiOmh0dHA6Ly93d3cuamVqdXNvcmkubmV0L25ld3MvYXJ0aWNsZVZpZXcuaHRtbD9pZHhubz00MDEzMzTSAT1odHRwOi8vd3d3LmplanVzb3JpLm5ldC9uZXdzL2FydGljbGVWaWV3QW1wLmh0bWw_aWR4bm89NDAxMzM0?hl=ko&gl=KR&ceid=KR%3Ako
13,'거리두기 해제' 치솟는 물가 기름 붓나… 소비자물가 천정부지,강원도민일보,2022-04-16T07:00:00,https://news.google.com./articles/CBMiOGh0dHBzOi8vd3d3LmthZG8ubmV0L25ld3MvYXJ0aWNsZVZpZXcuaHRtbD9pZHhubz0xMTIyMjQw0gEA?hl=ko&gl=KR&ceid=KR%3Ako
14,"""물가 겁나게 오르네""…기름값 등 3개월 연속 상승 `역대 최고`",매일경제,2022-04-21T07:00:00,https://news.google.com./articles/CAIiEE4A2ic_SG_5Bpm621cB7JUqGQgEKhAIACoHCAow2t-aCDDArqABMNST5AU?uo=CAUiNmh0dHBzOi8vd3d3Lm1rLmNvLmtyL25ld3MvZWNvbm9teS92aWV3LzIwMjIvMDQvMzU0NTUwL9IBAA&hl=ko&gl=KR&ceid=KR%3Ako
15,인도네시아발 팜유 대란 물가에 기름 붓나?,MBC뉴스,2022-04-25T07:00:00,https://news.google.com./articles/CBMiRWh0dHBzOi8vaW1uZXdzLmltYmMuY29tL3JlcGxheS8yMDIyL253ZGVzay9hcnRpY2xlLzYzNjI2ODZfMzU3NDQuaHRtbNIBRWh0dHBzOi8vaW1uZXdzLmltYmMuY29tL3JlcGxheS8yMDIyL253ZGVzay9hcnRpY2xlLzYzNjI2ODZfMzU3NDUuaHRtbA?hl=ko&gl=KR&ceid=KR%3Ako
16,"(물가 4% 시대②)""기름값은 그렇다해도 밀가루·식용유·깐마늘까지""…도미노 물가압력",뉴스토마토,2022-04-25T07:00:00,https://news.google.com./articles/CBMiM2h0dHBzOi8vd3d3Lm5ld3N0b21hdG8uY29tL1JlYWROZXdzLmFzcHg_bm89MTExODk4MdIBAA?hl=ko&gl=KR&ceid=KR%3Ako
17,"'미친 물가'에 기름붓는 高환율…""수출까지 손해봤다"", 왜?",머니투데이,2022-05-12T07:00:00,https://news.google.com./articles/CBMiN2h0dHBzOi8vbmV3cy5tdC5jby5rci9tdHZpZXcucGhwP25vPTIwMjIwNTExMTgxOTAwNzEzMzPSAT1odHRwczovL20ubXQuY28ua3IvcmVuZXcvdmlld19hbXAuaHRtbD9ubz0yMDIyMDUxMTE4MTkwMDcxMzMz?hl=ko&gl=KR&ceid=KR%3Ako
18,기름값·외식비가 밀어 올린 물가… 상승률 톱2는 제주·강원,서울신문,2022-05-19T07:00:00,https://news.google.com./articles/CAIiENxWWkxcJSRTZOTOJ3dImOcqGAgEKg8IACoHCAow7ar7AjCg5jowzPWlAQ?uo=CAUiO2h0dHBzOi8vd3d3LnNlb3VsLmNvLmtyL25ld3MvbmV3c1ZpZXcucGhwP2lkPTIwMjIwNTE5MDA4MDA20gEA&hl=ko&gl=KR&ceid=KR%3Ako
19,"[EBN 오늘(28일) 이슈 종합] 물가 5%대 진입하나, 천정부지로 치솟는 기름값 등",EBN뉴스센터,2022-05-28T07:00:00,https://news.google.com./articles/CBMiJWh0dHBzOi8vbS5lYm4uY28ua3IvbmV3cy92aWV3LzE1MzIyOTHSAQA?hl=ko&gl=KR&ceid=KR%3Ako
20,"EU, 러 원유 수입금지 착수… 한국 물가상승에 기름 부을 듯",동아일보,2022-06-01T07:00:00,https://news.google.com./articles/CBMiQWh0dHBzOi8vd3d3LmRvbmdhLmNvbS9uZXdzL0ludGVyL2FydGljbGUvYWxsLzIwMjIwNTMxLzExMzcyNTI5Ni8x0gE3aHR0cHM6Ly93d3cuZG9uZ2EuY29tL25ld3MvYW1wL2FsbC8yMDIyMDUzMS8xMTM3MjUyOTYvMQ?hl=ko&gl=KR&ceid=KR%3Ako
21,기름값 오르고 타이어·세차비도 인상…차 굴리는 비용 25.2%↑ - 조선비즈,조선비즈,2022-06-05T07:00:00,https://news.google.com./articles/CBMiTmh0dHBzOi8vYml6LmNob3N1bi5jb20vaW5kdXN0cnkvY29tcGFueS8yMDIyLzA2LzA1L1ZXR0xYVEcyQVZBUUJOS1RUQkU2VkZLQjZVL9IBXWh0dHBzOi8vYml6LmNob3N1bi5jb20vaW5kdXN0cnkvY29tcGFueS8yMDIyLzA2LzA1L1ZXR0xYVEcyQVZBUUJOS1RUQkU2VkZLQjZVLz9vdXRwdXRUeXBlPWFtcA?hl=ko&gl=KR&ceid=KR%3Ako
22,"우크라이나 전쟁 확전으로 치솟는 기름값 — 임금은 올리고, 유류세·공공요금은 내려야",노동자 연대,2022-06-07T07:26:12,https://news.google.com./articles/CAIiEIBkQUIqn_3BkXwf-WIsQ_AqGQgEKhAIACoHCAowmoOFCzDBkoIDMIWphQY?uo=CAUiIWh0dHBzOi8vd3NwYXBlci5vcmcvYXJ0aWNsZS8yNzg3OdIBAA&hl=ko&gl=KR&ceid=KR%3Ako
23,[사설] 지방정부도 물가 잡기에 총력전 펼쳐야,한라일보,2022-06-08T07:00:00,https://news.google.com./articles/CBMiOWh0dHA6Ly93d3cuaWhhbGxhLmNvbS9hcnRpY2xlLnBocD9haWQ9MTY1NDYxNDAwMDcyNzQ5ODA0M9IBAA?hl=ko&gl=KR&ceid=KR%3Ako
24,물가 밀어올리는 기름값…경제 성장에도 적신호,연합뉴스,2022-06-12T07:00:00,https://news.google.com./articles/CBMiL2h0dHBzOi8vd3d3LnluYS5jby5rci92aWV3L01ZSDIwMjIwNjEyMDEwNDAwMDM40gExaHR0cHM6Ly9tLnluYS5jby5rci9hbXAvdmlldy9NWUgyMDIyMDYxMjAxMDQwMDAzOA?hl=ko&gl=KR&ceid=KR%3Ako
25,기름값·밭작물·공공요금 등 '들썩 들썩'…물가 6%대 치솟나,뉴스토마토,2022-06-13T07:00:00,https://news.google.com./articles/CBMiM2h0dHBzOi8vd3d3Lm5ld3N0b21hdG8uY29tL1JlYWROZXdzLmFzcHg_bm89MTEyODMyMNIBAA?hl=ko&gl=KR&ceid=KR%3Ako
26,기름값 급등에 OECD 물가상승률 9%… 외식물가 상승 1위는 치킨,서울신문,2022-06-13T07:00:00,https://news.google.com./articles/CAIiEHiTMr8lZ-YfOk4wjl5GT34qGAgEKg8IACoHCAow7ar7AjCg5jownPWlAQ?uo=CAUiO2h0dHBzOi8vd3d3LnNlb3VsLmNvLmtyL25ld3MvbmV3c1ZpZXcucGhwP2lkPTIwMjIwNjEzMDAyMDAy0gEA&hl=ko&gl=KR&ceid=KR%3Ako
27,"美소비자 역대급 비관론…""기름값도, 월세도 1년간 계속 오를 것""",머니투데이,2022-06-14T07:00:00,https://news.google.com./articles/CBMiN2h0dHBzOi8vbmV3cy5tdC5jby5rci9tdHZpZXcucGhwP25vPTIwMjIwNjE0MDk1MTM3MzI5OTXSAT1odHRwczovL20ubXQuY28ua3IvcmVuZXcvdmlld19hbXAuaHRtbD9ubz0yMDIyMDYxNDA5NTEzNzMyOTk1?hl=ko&gl=KR&ceid=KR%3Ako
28,"'기름값 등 물가 고공행진'...尹 대통령 “정부, 공급사이드 조치 다 취할 것”",위키리크스한국,2022-06-14T07:00:00,https://news.google.com./articles/CBMiP2h0dHBzOi8vd3d3Lndpa2lsZWFrcy1rci5vcmcvbmV3cy9hcnRpY2xlVmlldy5odG1sP2lkeG5vPTEyNzIwOdIBAA?hl=ko&gl=KR&ceid=KR%3Ako
29,기름값·밥상물가·이자폭탄 '3중고' ... 서민들 '깊은 한숨',Queen,2022-06-14T19:34:00,https://news.google.com./articles/CAIiEDvyPf8vf3beWFuKuOLzqSQqGQgEKhAIACoHCAowx9XdCjD4gtQBMJS4uQM?uo=CAUiOmh0dHBzOi8vd3d3LnF1ZWVuLmNvLmtyL25ld3MvYXJ0aWNsZVZpZXcuaHRtbD9pZHhubz0zNzcyMzXSAQA&hl=ko&gl=KR&ceid=KR%3Ako
30,[퍼펙트스톰 경고음]①대내외 리스크에 高물가…미친 기름값,뉴시스,2022-06-17T20:15:00,https://news.google.com./articles/CAIiEBI8DkMCyMWT5EKtIY4S4qkqGQgEKhAIACoHCAowl7jyCjCTjNECMJnmgwY?uo=CAUiQWh0dHBzOi8vbW9iaWxlLm5ld3Npcy5jb20vdmlldy5odG1sP2FyX2lkPU5JU1gyMDIyMDYxN18wMDAxOTExNzY10gEA&hl=ko&gl=KR&ceid=KR%3Ako
31,"""기름값 영화비 안 오른 게 없네""…물가폭등에 소비자들 `한숨`",매일경제,2022-06-23T07:00:00,https://news.google.com./articles/CAIiEBIzg6CcTd69mt5eU8ZqjPIqGQgEKhAIACoHCAow2t-aCDDArqABMNST5AU?uo=CAUiNmh0dHBzOi8vd3d3Lm1rLmNvLmtyL25ld3MvZWNvbm9teS92aWV3LzIwMjIvMDYvNTQ4NzkwL9IBAA&hl=ko&gl=KR&ceid=KR%3Ako
32,'블랙박스' 같은 중국 물가지수,한국경제,2022-06-27T08:29:42,https://news.google.com./articles/CAIiENVJvHYxl7hsDlUG3AnIk_sqGQgEKhAIACoHCAow0__cCjDUitABMMXcrgY?uo=CAUiNmh0dHBzOi8vd3d3Lmhhbmt5dW5nLmNvbS9vcGluaW9uL2FydGljbGUvMjAyMjA2Mjc5OTA5MdIBAA&hl=ko&gl=KR&ceid=KR%3Ako
33,최저임금 6년간 48% 올라…'임금發 인플레'에 기름 부었다,한국경제,2022-06-30T08:21:49,https://news.google.com./articles/CAIiEMcgxzTUINBEPN_S6Pa4y8sqGQgEKhAIACoHCAow0__cCjDUitABMMXcrgY?uo=CAUiNmh0dHBzOi8vd3d3Lmhhbmt5dW5nLmNvbS9zb2NpZXR5L2FydGljbGUvMjAyMjA2MzA4NjU2MdIBAA&hl=ko&gl=KR&ceid=KR%3Ako
34,기름값 상승세 진화됐지만…여름물가 정점 찍나,인천일보,2022-07-03T07:00:00,https://news.google.com./articles/CBMiPmh0dHA6Ly93d3cuaW5jaGVvbmlsYm8uY29tL25ld3MvYXJ0aWNsZVZpZXcuaHRtbD9pZHhubz0xMTUxMjE10gEA?hl=ko&gl=KR&ceid=KR%3Ako
35,"물가상승률 6%, 24년 만에 처음 본 숫자",MBC뉴스,2022-07-05T07:00:00,https://news.google.com./articles/CBMiRWh0dHBzOi8vaW1uZXdzLmltYmMuY29tL3JlcGxheS8yMDIyL253ZGVzay9hcnRpY2xlLzYzODUyNDhfMzU3NDQuaHRtbNIBRWh0dHBzOi8vaW1uZXdzLmltYmMuY29tL3JlcGxheS8yMDIyL253ZGVzay9hcnRpY2xlLzYzODUyNDhfMzU3NDUuaHRtbA?hl=ko&gl=KR&ceid=KR%3Ako
36,기름값 인하에 4조원 썼지만…물가 0.56%p 낮췄을 뿐,한겨레,2022-07-09T07:00:00,https://news.google.com./articles/CBMiQGh0dHBzOi8vd3d3LmhhbmkuY28ua3IvYXJ0aS9lY29ub215L2Vjb25vbXlfZ2VuZXJhbC8xMDUwMjY5Lmh0bWzSAQA?hl=ko&gl=KR&ceid=KR%3Ako
37,"인플레에 실질 수입 줄어든 미국인들, 기름값 지출부터 줄였다 - 조선비즈",조선비즈,2022-07-18T07:00:00,https://news.google.com./articles/CBMiYWh0dHBzOi8vYml6LmNob3N1bi5jb20vaW50ZXJuYXRpb25hbC9pbnRlcm5hdGlvbmFsX2Vjb25vbXkvMjAyMi8wNy8xOC9CSjc1MklVM0haSEEzSk9HRktaV0o3WjVPTS_SAXBodHRwczovL2Jpei5jaG9zdW4uY29tL2ludGVybmF0aW9uYWwvaW50ZXJuYXRpb25hbF9lY29ub215LzIwMjIvMDcvMTgvQko3NTJJVTNIWkhBM0pPR0ZLWldKN1o1T00vP291dHB1dFR5cGU9YW1w?hl=ko&gl=KR&ceid=KR%3Ako
38,"파나마 정부, '물가 상승 항의' 시위대와 기름값 추가 인하 합의",한국경제,2022-07-19T07:00:00,https://news.google.com./articles/CAIiENx0n0SSpzp5nuRWEFtL6_4qGQgEKhAIACoHCAow0__cCjDUitABMKO_jQY?uo=CAUiPGh0dHBzOi8vd3d3Lmhhbmt5dW5nLmNvbS9pbnRlcm5hdGlvbmFsL2FydGljbGUvMjAyMjA3MTk2OTcyWdIBAA&hl=ko&gl=KR&ceid=KR%3Ako
39,"물가 인상: 영국, 물가 폭탄에 옷도 안 산다…생활비, 왜 계속 오르는 걸까",BBC News 코리아,2022-07-22T07:00:00,https://news.google.com./articles/CBMiKGh0dHBzOi8vd3d3LmJiYy5jb20va29yZWFuL25ld3MtNjIyNjc5NTjSASxodHRwczovL3d3dy5iYmMuY29tL2tvcmVhbi9uZXdzLTYyMjY3OTU4LmFtcA?hl=ko&gl=KR&ceid=KR%3Ako
40,"식료품, 기름값 오르면 대통령 지지율 하락한다…'비상' 거린 대통령실 [나기자의 데이터로 세상읽기]",매일경제,2022-07-23T07:00:00,https://news.google.com./articles/CBMiP2h0dHBzOi8vd3d3Lm1rLmNvLmtyL3ByZW1pdW0vc3BlY2lhbC1yZXBvcnQvdmlldy8yMDIyLzA3LzMyMjE5L9IBQWh0dHBzOi8vbS5tay5jby5rci9wcmVtaXVtL3NwZWNpYWwtcmVwb3J0L3ZpZXctYW1wLzIwMjIvMDcvMzIyMTkv?hl=ko&gl=KR&ceid=KR%3Ako
41,"""기름값 이어 곡물값도 뚝""…그래도 올해 물가는 24년래 최고",머니투데이,2022-08-02T07:00:00,https://news.google.com./articles/CBMiN2h0dHBzOi8vbmV3cy5tdC5jby5rci9tdHZpZXcucGhwP25vPTIwMjIwODAyMTUwNzI3MTQwNzDSAQA?hl=ko&gl=KR&ceid=KR%3Ako
42,"미국 7월 물가 8.5% 올라‥""인플레 둔화 조짐""",MBC뉴스,2022-08-11T07:00:00,https://news.google.com./articles/CBMiRmh0dHBzOi8vaW1uZXdzLmltYmMuY29tL3JlcGxheS8yMDIyL253dG9kYXkvYXJ0aWNsZS82Mzk3MTUyXzM1NzUyLmh0bWzSAUZodHRwczovL2ltbmV3cy5pbWJjLmNvbS9yZXBsYXkvMjAyMi9ud3RvZGF5L2FydGljbGUvNjM5NzE1Ml8zNTc1My5odG1s?hl=ko&gl=KR&ceid=KR%3Ako
43,치솟는 밥상 물가 ‘각자도생’ 살림법이 필요하다,경향신문,2022-08-20T07:00:00,https://news.google.com./articles/CBMiPmh0dHBzOi8vbS5raGFuLmNvLmtyL2xpZmUvbGlmZS1nZW5lcmFsL2FydGljbGUvMjAyMjA4MjAwODAwMDMx0gFCaHR0cHM6Ly9tLmtoYW4uY28ua3IvbGlmZS9saWZlLWdlbmVyYWwvYXJ0aWNsZS8yMDIyMDgyMDA4MDAwMzEvYW1w?hl=ko&gl=KR&ceid=KR%3Ako
44,"원달러 환율 1,340원 육박, 수입물가 떨어지나 했더니",MBC뉴스,2022-08-22T07:00:00,https://news.google.com./articles/CBMiRWh0dHBzOi8vaW1uZXdzLmltYmMuY29tL3JlcGxheS8yMDIyL253ZGVzay9hcnRpY2xlLzY0MDA1NTVfMzU3NDQuaHRtbNIBAA?hl=ko&gl=KR&ceid=KR%3Ako
45,전국 평균치 웃도는 제주 물가... 1년째 오름세,한라일보,2022-08-22T07:00:00,https://news.google.com./articles/CBMiOWh0dHA6Ly93d3cuaWhhbGxhLmNvbS9hcnRpY2xlLnBocD9haWQ9MTY2MTE1NTM0NTczMTAwNDAxMNIBAA?hl=ko&gl=KR&ceid=KR%3Ako
46,'고물가 슬슬 잡히나'…8월 기대인플레 소폭 하락,SBS 뉴스,2022-08-23T07:00:00,https://news.google.com./articles/CAIiELE3vtZ7gIA3gpy-VcRg9xkqGQgEKhAIACoHCAow_L3zCjDDytMCMLXrrgM?uo=CAUiOmh0dHBzOi8vbmV3cy5zYnMuY28ua3IvbmV3cy9lbmRQYWdlLmRvP25ld3NfaWQ9TjEwMDY4NjkxNjTSAQA&hl=ko&gl=KR&ceid=KR%3Ako
47,"`국가 부도` 스리랑카 7월 물가, 67% 또 급등",매일경제,2022-08-23T07:00:00,https://news.google.com./articles/CBMiNGh0dHBzOi8vd3d3Lm1rLmNvLmtyL25ld3Mvd29ybGQvdmlldy8yMDIyLzA4Lzc0MzU2Mi_SATZodHRwczovL20ubWsuY28ua3IvbmV3cy93b3JsZC92aWV3LWFtcC8yMDIyLzA4Lzc0MzU2Mi8?hl=ko&gl=KR&ceid=KR%3Ako
48,생필품 가격 동결하고 기름값 인하…佛기업 잇단 인플레 대책,연합뉴스,2022-08-23T07:00:00,https://news.google.com./articles/CBMiL2h0dHBzOi8vd3d3LnluYS5jby5rci92aWV3L0FLUjIwMjIwODIzMDQ1NDAwMDA50gEA?hl=ko&gl=KR&ceid=KR%3Ako
49,폭우 이어 강달러 습격…잡힐듯 했던 물가 또 오르나,경기매일,2022-08-24T07:00:00,https://news.google.com./articles/CBMiOWh0dHA6Ly93d3cua2dtYWVpbC5uZXQvbmV3cy9hcnRpY2xlVmlldy5odG1sP2lkeG5vPTMwMDc4NtIBAA?hl=ko&gl=KR&ceid=KR%3Ako
50,[친절한 경제] 추석 물가에 기름 부은 폭우…장 언제 봐야 더 싸게 살까,SBS 뉴스,2022-08-25T07:00:00,https://news.google.com./articles/CAIiEEpiU69qbthKII5pRNmzl9kqGQgEKhAIACoHCAow_L3zCjDDytMCMLXrrgM?uo=CAUiOmh0dHBzOi8vbmV3cy5zYnMuY28ua3IvbmV3cy9lbmRQYWdlLmRvP25ld3NfaWQ9TjEwMDY4NzIyNjfSAQA&hl=ko&gl=KR&ceid=KR%3Ako
51,7월 생산자물가 0.3% 올라…기름값 내리자 ‘주춤’,동아일보,2022-08-25T07:00:00,https://news.google.com./articles/CBMiQ2h0dHBzOi8vd3d3LmRvbmdhLmNvbS9uZXdzL0Vjb25vbXkvYXJ0aWNsZS9hbGwvMjAyMjA4MjUvMTE1MTMzOTY1LzHSATdodHRwczovL3d3dy5kb25nYS5jb20vbmV3cy9hbXAvYWxsLzIwMjIwODI1LzExNTEzMzk2NS8x?hl=ko&gl=KR&ceid=KR%3Ako
52,"물가: 5개국, 5가지 음식으로 본 전세계 '인플레' 비상",BBC News 코리아,2022-08-26T07:00:00,https://news.google.com./articles/CBMiLGh0dHBzOi8vd3d3LmJiYy5jb20va29yZWFuL2ZlYXR1cmVzLTYyNjQyMzM00gEwaHR0cHM6Ly93d3cuYmJjLmNvbS9rb3JlYW4vZmVhdHVyZXMtNjI2NDIzMzQuYW1w?hl=ko&gl=KR&ceid=KR%3Ako
53,추석 장바구니 물가 '껑충'…산지부터 시장까지 살펴보니,SBS 뉴스,2022-08-29T07:00:00,https://news.google.com./articles/CAIiEAXP2-Zbi3ZLe1py1BMiUFEqGQgEKhAIACoHCAow_L3zCjDDytMCMO7Q9gY?uo=CAUiOmh0dHBzOi8vbmV3cy5zYnMuY28ua3IvbmV3cy9lbmRQYWdlLmRvP25ld3NfaWQ9TjEwMDY4NzYxMTHSAQA&hl=ko&gl=KR&ceid=KR%3Ako
54,사우디 “감산” 외치자 기름값 다시 불붙었다,미주중앙일보,2022-08-29T11:03:00,https://news.google.com./articles/CBMiVGh0dHBzOi8vbmV3cy5rb3JlYWRhaWx5LmNvbS8yMDIyLzA4LzMwL2Vjb25vbXkvZWNvbm9teWdlbmVyYWwvMjAyMjA4MzAwODAzMjYyMTguaHRtbNIBAA?hl=ko&gl=KR&ceid=KR%3Ako
55,[세상읽기] 아포칼립스의 인류학,경향신문,2022-08-30T07:00:00,https://news.google.com./articles/CBMiO2h0dHBzOi8vbS5raGFuLmNvLmtyL29waW5pb24vY29sdW1uL2FydGljbGUvMjAyMjA4MzAwMzAwMDg10gE_aHR0cHM6Ly9tLmtoYW4uY28ua3Ivb3Bpbmlvbi9jb2x1bW4vYXJ0aWNsZS8yMDIyMDgzMDAzMDAwODUvYW1w?hl=ko&gl=KR&ceid=KR%3Ako
56,"8주 하락세 멈춘 기름값, 조짐 심상찮다…유가마저 다시 오르나",시사저널,2022-08-30T07:00:00,https://news.google.com./articles/CBMiPmh0dHBzOi8vd3d3LnNpc2Fqb3VybmFsLmNvbS9uZXdzL2FydGljbGVWaWV3Lmh0bWw_aWR4bm89MjQ1MzY30gEA?hl=ko&gl=KR&ceid=KR%3Ako
57,원화 약세·수입물가 상승이 국내 인플레에 기름 부어,이코노미스트,2022-08-30T07:00:00,https://news.google.com./articles/CBMiRmh0dHBzOi8vZWNvbm9taXN0LmNvLmtyLzIwMjIvMDgvMzAvZmluYW5jZS9iYW5rLzIwMjIwODMwMTIwMDEwNzExLmh0bWzSAQA?hl=ko&gl=KR&ceid=KR%3Ako
58,"""기름값 때문에 수출해도 남는 게 없네""...교역조건 역대 최악",머니투데이,2022-08-31T07:00:00,https://news.google.com./articles/CBMiN2h0dHBzOi8vbmV3cy5tdC5jby5rci9tdHZpZXcucGhwP25vPTIwMjIwODMxMTAxMzIwNzE1NTHSAT1odHRwczovL20ubXQuY28ua3IvcmVuZXcvdmlld19hbXAuaHRtbD9ubz0yMDIyMDgzMTEwMTMyMDcxNTUx?hl=ko&gl=KR&ceid=KR%3Ako
59,"[팍팍한 추석나기④]연휴 지나면 꺾인다는데…""물가 정점 예단, 시기상조""",뉴시스,2022-09-02T07:00:00,https://news.google.com./articles/CBMiQWh0dHBzOi8vbW9iaWxlLm5ld3Npcy5jb20vdmlldy5odG1sP2FyX2lkPU5JU1gyMDIyMDkwMl8wMDAxOTk5OTUw0gEA?hl=ko&gl=KR&ceid=KR%3Ako
60,내달 전기·가스 요금 2300원 이상 오른다…한풀 꺾인 물가에 악재,뉴시스,2022-09-02T07:00:00,https://news.google.com./articles/CBMiQWh0dHBzOi8vbW9iaWxlLm5ld3Npcy5jb20vdmlldy5odG1sP2FyX2lkPU5JU1gyMDIyMDkwMl8wMDAyMDAxMDI50gEA?hl=ko&gl=KR&ceid=KR%3Ako
61,인니 '반값 휘발유' 가격 결국 31% 인상…물가상승률 6% 넘을듯,연합뉴스,2022-09-03T07:00:00,https://news.google.com./articles/CBMiL2h0dHBzOi8vd3d3LnluYS5jby5rci92aWV3L0FLUjIwMjIwOTAzMDM5NzAwMTA00gExaHR0cHM6Ly9tLnluYS5jby5rci9hbXAvdmlldy9BS1IyMDIyMDkwMzAzOTcwMDEwNA?hl=ko&gl=KR&ceid=KR%3Ako
62,찬바람 불자 기름값 '들썩'…하반기 인플레 둔화? 에너지 변수,머니투데이,2022-09-05T07:00:00,https://news.google.com./articles/CBMiN2h0dHBzOi8vbmV3cy5tdC5jby5rci9tdHZpZXcucGhwP25vPTIwMjIwOTA0MjE0NDExNjc5ODjSAT1odHRwczovL20ubXQuY28ua3IvcmVuZXcvdmlld19hbXAuaHRtbD9ubz0yMDIyMDkwNDIxNDQxMTY3OTg4?hl=ko&gl=KR&ceid=KR%3Ako
63,"미국연준 9월 금리인상 자이언트스텝 가능성, 원/달러 환율에 기름 붓나",비즈니스포스트,2022-09-05T07:00:00,https://news.google.com./articles/CBMiQWh0dHBzOi8vd3d3LmJ1c2luZXNzcG9zdC5jby5rci9CUD9jb21tYW5kPWFydGljbGVfdmlldyZudW09MjkxOTYy0gEA?hl=ko&gl=KR&ceid=KR%3Ako
64,"""기름값 1800원 또 넘기나""...OPEC+ 감산에 유가 '들썩'",머니투데이,2022-09-06T07:00:00,https://news.google.com./articles/CBMiN2h0dHBzOi8vbmV3cy5tdC5jby5rci9tdHZpZXcucGhwP25vPTIwMjIwOTA2MTUyMzExMzgzOTDSAT1odHRwczovL20ubXQuY28ua3IvcmVuZXcvdmlld19hbXAuaHRtbD9ubz0yMDIyMDkwNjE1MjMxMTM4Mzkw?hl=ko&gl=KR&ceid=KR%3Ako
65,“대목에 이렇게 손님 없긴 처음”… “기름값 부담에 귀향도 고민”,천지일보,2022-09-06T22:00:00,https://news.google.com./articles/CBMiLWh0dHBzOi8vd3d3Lm5ld3Njai5jb20vYXJ0aWNsZS8yMDIyMDkwNzU4MDAzMdIBAA?hl=ko&gl=KR&ceid=KR%3Ako
66,[르포] 물가 고공행진…당진지역의 상황은? 서민 장바구니 '빨간불'…무섭게 오른 생활물가,당진시대,2022-09-08T09:49:08,https://news.google.com./articles/CBMiOGh0dHA6Ly9tLmRqdGltZXMuY28ua3IvbmV3cy9hcnRpY2xlVmlldy5odG1sP2lkeG5vPTk0NTcx0gEA?hl=ko&gl=KR&ceid=KR%3Ako
67,"추석 앞두고 두달새 17% 떨어진 기름값, 주유비 걱정 다소 덜어낸 귀경길",아시아경제,2022-09-08T23:30:00,https://news.google.com./articles/CBMiMmh0dHBzOi8vY20uYXNpYWUuY28ua3IvYXJ0aWNsZS8yMDIyMDkwODA4MzQxMjI1Njg10gE5aHR0cHM6Ly9jbS5hc2lhZS5jby5rci9hbXB2aWV3Lmh0bT9ubz0yMDIyMDkwODA4MzQxMjI1Njg1?hl=ko&gl=KR&ceid=KR%3Ako
68,"기름값 올린 인니, 시위 거세지자 최저임금에 물가반영 검토",한국경제,2022-09-13T09:15:10,https://news.google.com./articles/CAIiEGgQjIbphzReY3fxLmGftNwqGQgEKhAIACoHCAow0__cCjDUitABMKO_jQY?uo=CAUiPGh0dHBzOi8vd3d3Lmhhbmt5dW5nLmNvbS9pbnRlcm5hdGlvbmFsL2FydGljbGUvMjAyMjA5MTM3NDgxWdIBAA&hl=ko&gl=KR&ceid=KR%3Ako
69,"바이든, 여전히 높은 美물가에 ""그게 인플레 감축법 처리 이유""",매일경제,2022-09-13T15:16:06,https://news.google.com./articles/CBMiNGh0dHBzOi8vd3d3Lm1rLmNvLmtyL25ld3Mvd29ybGQvdmlldy8yMDIyLzA5LzgwODY4Mi_SATZodHRwczovL20ubWsuY28ua3IvbmV3cy93b3JsZC92aWV3LWFtcC8yMDIyLzA5LzgwODY4Mi8?hl=ko&gl=KR&ceid=KR%3Ako
70,"""원화 약세 악재 가득하다"" 환율 1400원 위협 [종합]",매일경제,2022-09-14T01:14:04,https://news.google.com./articles/CAIiECNxqd4KK8K8jtS6jpqKV-cqGQgEKhAIACoHCAow2t-aCDDArqABMNST5AU?uo=CAUiNmh0dHBzOi8vd3d3Lm1rLmNvLmtyL25ld3MvZWNvbm9teS92aWV3LzIwMjIvMDkvODA5NTA0L9IBAA&hl=ko&gl=KR&ceid=KR%3Ako
71,예상 웃돈 美 8월 소비자물가…Fed 기준금리 1%P 인상 가능성,한국경제,2022-09-14T01:19:48,https://news.google.com./articles/CAIiEHa3Z4_qeKPZK2OTyp0gcI8qGQgEKhAIACoHCAow0__cCjDUitABMKO_jQY?uo=CAUiPGh0dHBzOi8vd3d3Lmhhbmt5dW5nLmNvbS9pbnRlcm5hdGlvbmFsL2FydGljbGUvMjAyMjA5MTM3Nzk3MdIBAA&hl=ko&gl=KR&ceid=KR%3Ako
72,"""쌀값 안정 대책 마련하라"" 전북 농민들 집단 삭발식",연합뉴스,2022-09-14T02:46:44,https://news.google.com./articles/CBMiL2h0dHBzOi8vd3d3LnluYS5jby5rci92aWV3L0FLUjIwMjIwOTE0MDc4NTAwMDU10gExaHR0cHM6Ly9tLnluYS5jby5rci9hbXAvdmlldy9BS1IyMDIyMDkxNDA3ODUwMDA1NQ?hl=ko&gl=KR&ceid=KR%3Ako
73,`포스코플레이션` 산업계 강타… 국내 물가 넘어 동남아 철강값 출렁,디지털타임스,2022-09-14T06:48:00,https://news.google.com./articles/CBMiQ2h0dHA6Ly93d3cuZHQuY28ua3IvY29udGVudHMuaHRtbD9hcnRpY2xlX25vPTIwMjIwOTE1MDIxMDA5MzIwMzEwMDHSAQA?hl=ko&gl=KR&ceid=KR%3Ako
74,미국 물가 '충격'‥금리 1%p 인상?,MBC뉴스,2022-09-14T10:43:19,https://news.google.com./articles/CBMiRWh0dHBzOi8vaW1uZXdzLmltYmMuY29tL3JlcGxheS8yMDIyL253ZGVzay9hcnRpY2xlLzY0MDc3NDNfMzU3NDQuaHRtbNIBAA?hl=ko&gl=KR&ceid=KR%3Ako
75,경기 침체는 주식시장 하락의 절대 요인일까 [조원경 글로벌 인사이드],이코노미스트,2022-09-14T21:00:00,https://news.google.com./articles/CBMiTWh0dHBzOi8vZWNvbm9taXN0LmNvLmtyLzIwMjIvMDkvMTUvY29sdW1uL2V4cGVydENvbHVtbi8yMDIyMDkxNTA2MDAwOTEwOC5odG1s0gEA?hl=ko&gl=KR&ceid=KR%3Ako
76,[뉴스쏙:속]물가엔 '情'도 없다…초코파이 9년만의 가격인상,노컷뉴스,2022-09-14T23:25:00,https://news.google.com./articles/CBMiKGh0dHBzOi8vd3d3Lm5vY3V0bmV3cy5jby5rci9uZXdzLzU4MTc0MDfSASpodHRwczovL20ubm9jdXRuZXdzLmNvLmtyL25ld3MvYW1wLzU4MTc0MDc?hl=ko&gl=KR&ceid=KR%3Ako
77,[이형로의 고사성어로 보는 세상](75) 인플레이션과 항산항심(恒産恒心),인사이드비나,2022-09-15T03:01:23,https://news.google.com./articles/CBMiO2h0dHA6Ly93d3cuaW5zaWRldmluYS5jb20vbmV3cy9hcnRpY2xlVmlldy5odG1sP2lkeG5vPTIxNDEz0gEA?hl=ko&gl=KR&ceid=KR%3Ako
78,"美 30년만의 철도파업 눈앞…물류마비, 고물가에 기름 붓나",매일경제,2022-09-15T08:42:30,https://news.google.com./articles/CAIiEBr_FeeYvddd0b8SmqQnW3QqGQgEKhAIACoHCAow2t-aCDDArqABMI6L7AU?uo=CAUiNGh0dHBzOi8vd3d3Lm1rLmNvLmtyL25ld3Mvd29ybGQvdmlldy8yMDIyLzA5LzgxNjExNS_SAQA&hl=ko&gl=KR&ceid=KR%3Ako
79,'무료 식료품 받으러 아침도 걸렀다'…살인물가 덮친 실리콘밸리 - 서울경제,서울경제신문,2022-09-15T08:55:37,https://news.google.com./articles/CBMiK2h0dHBzOi8vd3d3LnNlZGFpbHkuY29tL05ld3NWaWV3LzI2QjMxQ08zSEvSASxodHRwczovL20uc2VkYWlseS5jb20vTmV3c1ZpZXdBbXAvMjZCMzFDTzNISw?hl=ko&gl=KR&ceid=KR%3Ako
80,"""기름값 내리니 한숨 돌리겠네""...수입물가 두달째 하락",머니투데이,2022-09-15T21:00:00,https://news.google.com./articles/CBMiN2h0dHBzOi8vbmV3cy5tdC5jby5rci9tdHZpZXcucGhwP25vPTIwMjIwOTE1MTY0OTM1OTU0NDDSAT1odHRwczovL20ubXQuY28ua3IvcmVuZXcvdmlld19hbXAuaHRtbD9ubz0yMDIyMDkxNTE2NDkzNTk1NDQw?hl=ko&gl=KR&ceid=KR%3Ako
81,"[Cover Story] 빨간불 켜진 한국 경제…전쟁이 물가 기름붓고, 각국 앞다퉈 금리인상",매일경제,2022-09-15T23:01:03,https://news.google.com./articles/CBMiNmh0dHBzOi8vd3d3Lm1rLmNvLmtyL25ld3MvZWNvbm9teS92aWV3LzIwMjIvMDkvODE2OTkyL9IBOGh0dHBzOi8vbS5tay5jby5rci9uZXdzL2Vjb25vbXkvdmlldy1hbXAvMjAyMi8wOS84MTY5OTIv?hl=ko&gl=KR&ceid=KR%3Ako
82,"'국가 부도' 스리랑카, 2분기 경제성장률 -8.4%…""하락폭 확대""",매일경제,2022-09-16T01:48:04,https://news.google.com./articles/CBMiNGh0dHBzOi8vd3d3Lm1rLmNvLmtyL25ld3Mvd29ybGQvdmlldy8yMDIyLzA5LzgxNzg2OS_SATZodHRwczovL20ubWsuY28ua3IvbmV3cy93b3JsZC92aWV3LWFtcC8yMDIyLzA5LzgxNzg2OS8?hl=ko&gl=KR&ceid=KR%3Ako
83,4달 연속 “경기둔화 우려”… 8월 경상수지 악화 가능성 전망한 그린북,서울신문,2022-09-16T02:06:00,https://news.google.com./articles/CBMiO2h0dHBzOi8vd3d3LnNlb3VsLmNvLmtyL25ld3MvbmV3c1ZpZXcucGhwP2lkPTIwMjIwOTE2NTAwMDQw0gEoaHR0cHM6Ly9hbXAuc2VvdWwuY28ua3IvbS8yMDIyMDkxNjUwMDA0MA?hl=ko&gl=KR&ceid=KR%3Ako
84,김치에 라면·과자까지...먹거리 물가 '비상',YTN,2022-09-16T07:15:00,https://news.google.com./articles/CAIiEG5LZQw7ctSZfuLhC7tCN2YqGQgEKhAIACoHCAowk_vcCjDo688BMLr6iAI?uo=CAUiMWh0dHBzOi8vd3d3Lnl0bi5jby5rci9fbG4vMDEwMl8yMDIyMDkxNjE2MTUwODI4MTTSAQA&hl=ko&gl=KR&ceid=KR%3Ako
85,[데스크 칼럼] 팁을 30% 달라니 - 조선비즈,조선비즈,2022-09-16T19:00:00,https://news.google.com./articles/CBMiUWh0dHBzOi8vYml6LmNob3N1bi5jb20vb3Bpbmlvbi9kZXNrX2NvbHVtbi8yMDIyLzA5LzE3Lzc2SFRMRkJYVFJESERIVVhCRzNJM0tJV0xJL9IBYGh0dHBzOi8vYml6LmNob3N1bi5jb20vb3Bpbmlvbi9kZXNrX2NvbHVtbi8yMDIyLzA5LzE3Lzc2SFRMRkJYVFJESERIVVhCRzNJM0tJV0xJLz9vdXRwdXRUeXBlPWFtcA?hl=ko&gl=KR&ceid=KR%3Ako
86,골프장 콧대 꺾였다…수요급감에 세금까지[라이프&골프],매일경제,2022-09-16T21:01:02,https://news.google.com./articles/CBMiNmh0dHBzOi8vd3d3Lm1rLmNvLmtyL25ld3MvY3VsdHVyZS92aWV3LzIwMjIvMDkvODIwNjc0L9IBOGh0dHBzOi8vbS5tay5jby5rci9uZXdzL2N1bHR1cmUvdmlldy1hbXAvMjAyMi8wOS84MjA2NzQv?hl=ko&gl=KR&ceid=KR%3Ako
87,‘킹달러’ 앞에 유독 약한 원화… 한은 빅스텝 대응?,주간조선,2022-09-17T00:00:00,https://news.google.com./articles/CBMiOmh0dHA6Ly93ZWVrbHkuY2hvc3VuLmNvbS9uZXdzL2FydGljbGVWaWV3Lmh0bWw_aWR4bm89MjIwNjbSAT1odHRwOi8vd2Vla2x5LmNob3N1bi5jb20vbmV3cy9hcnRpY2xlVmlld0FtcC5odG1sP2lkeG5vPTIyMDY2?hl=ko&gl=KR&ceid=KR%3Ako
88,"CNN 한국 치킨값 급등 조명…""한때 국민음식, 3만원 될수도""",매일경제,2022-09-17T07:07:40,https://news.google.com./articles/CBMiNGh0dHBzOi8vd3d3Lm1rLmNvLmtyL25ld3Mvd29ybGQvdmlldy8yMDIyLzA5LzgyMTE5MS_SATZodHRwczovL20ubWsuY28ua3IvbmV3cy93b3JsZC92aWV3LWFtcC8yMDIyLzA5LzgyMTE5MS8?hl=ko&gl=KR&ceid=KR%3Ako
89,사상 유례없는 쌀값 폭락으로 아우성치는 농민들,경북탑뉴스,2022-09-18T08:28:25,https://news.google.com./articles/CBMiNmh0dHBzOi8vd3d3Lmt0bjEubmV0L25ld3MvYXJ0aWNsZVZpZXcuaHRtbD9pZHhubz0xMzMyNNIBAA?hl=ko&gl=KR&ceid=KR%3Ako
90,"""안 먹일 수도 없고""…사료값 인상에 반려인들 한숨",중부일보,2022-09-18T08:34:46,https://news.google.com./articles/CBMiPWh0dHA6Ly93d3cuam9vbmdib28uY29tL25ld3MvYXJ0aWNsZVZpZXcuaHRtbD9pZHhubz0zNjM1NTgzNzLSAQA?hl=ko&gl=KR&ceid=KR%3Ako
91,[연준發 긴축태풍①]한미 금리역전 재연 초읽기…3高 위기 가중,뉴데일리경제,2022-09-19T01:37:46,https://news.google.com./articles/CBMiR2h0dHBzOi8vYml6Lm5ld2RhaWx5LmNvLmtyL3NpdGUvZGF0YS9odG1sLzIwMjIvMDkvMTkvMjAyMjA5MTkwMDA1MC5odG1s0gEA?hl=ko&gl=KR&ceid=KR%3Ako
92,경유보조금 연말까지 연장…내달 김장채소 대책 마련,매일경제,2022-09-19T04:59:36,https://news.google.com./articles/CAIiEGJRHKJ1nXflGHhOp6HcguIqGQgEKhAIACoHCAow2t-aCDDArqABMNST5AU?uo=CAUiNmh0dHBzOi8vd3d3Lm1rLmNvLmtyL25ld3MvZWNvbm9teS92aWV3LzIwMjIvMDkvODI1MTk0L9IBAA&hl=ko&gl=KR&ceid=KR%3Ako
93,직장인이 점심 메뉴 선택하는 기준 1위는 ‘가격’,고시위크,2022-09-19T05:13:00,https://news.google.com./articles/CBMiNmh0dHA6Ly93d3cuZ29zaXdlZWsuY29tL25fbmV3cy9uZXdzL3ZpZXcuaHRtbD9ubz0yNDMyM9IBAA?hl=ko&gl=KR&ceid=KR%3Ako
94,우윳값 2라운드는 유업체 對 정부…“지금도 버겁다” vs “비중 40% 불과” - 조선비즈,조선비즈,2022-09-19T06:20:00,https://news.google.com./articles/CBMiT2h0dHBzOi8vYml6LmNob3N1bi5jb20vZGlzdHJpYnV0aW9uL2Zvb2QvMjAyMi8wOS8xOS9ZTFdKREhIWk01SDRQR0hWUUVVMlZPUFFPNC_SAV5odHRwczovL2Jpei5jaG9zdW4uY29tL2Rpc3RyaWJ1dGlvbi9mb29kLzIwMjIvMDkvMTkvWUxXSkRISFpNNUg0UEdIVlFFVTJWT1BRTzQvP291dHB1dFR5cGU9YW1w?hl=ko&gl=KR&ceid=KR%3Ako
95,[미리보는 이데일리 신문] 文정부 때 18% 뛴 파업…'노란봉투법'이 기름 붓나,이데일리,2022-09-19T12:08:39,https://news.google.com./articles/CBMiS2h0dHBzOi8vd3d3LmVkYWlseS5jby5rci9uZXdzL3JlYWQ_bmV3c0lkPTAzNjYzNzY2NjMyNDYxNzYwJm1lZGlhQ29kZU5vPTI1N9IBAA?hl=ko&gl=KR&ceid=KR%3Ako
96,"""정부, 재벌 중심·반노동정책 멈춰야"" < 경기 < 사회 < 기사본문",기호일보,2022-09-19T12:17:58,https://news.google.com./articles/CBMiPWh0dHBzOi8vd3d3LmtpaG9pbGJvLmNvLmtyL25ld3MvYXJ0aWNsZVZpZXcuaHRtbD9pZHhubz05OTYzMjXSAQA?hl=ko&gl=KR&ceid=KR%3Ako
97,"""식당 와서 계속 김치 리필""…내년에도 고물가",SBS 뉴스,2022-09-19T12:18:00,https://news.google.com./articles/CAIiEIJ7caDMlgTCHE31bKMhLi4qGQgEKhAIACoHCAow_L3zCjDDytMCMLXrrgM?uo=CAUiOmh0dHBzOi8vbmV3cy5zYnMuY28ua3IvbmV3cy9lbmRQYWdlLmRvP25ld3NfaWQ9TjEwMDY5MDIxNTPSAQA&hl=ko&gl=KR&ceid=KR%3Ako