,name,source,data,link
0,경기도 8월 소비자물가 5.6% ↑...6개월만에 상승세 둔화,뉴시스,no date,https://news.google.com./articles/CBMiQWh0dHBzOi8vbW9iaWxlLm5ld3Npcy5jb20vdmlldy5odG1sP2FyX2lkPU5JU1gyMDIyMDkwMl8wMDAyMDAwMjY20gEA?hl=ko&gl=KR&ceid=KR%3Ako
1,먹거리 물가는 뜀박질… 서민가계 '주름살',한국경제,2018-06-13T07:00:00,https://news.google.com./articles/CBMiNmh0dHBzOi8vd3d3Lmhhbmt5dW5nLmNvbS9lY29ub215L2FydGljbGUvMjAxODA2MTMwNTk3MdIBMmh0dHBzOi8vd3d3Lmhhbmt5dW5nLmNvbS9lY29ub215L2FtcC8yMDE4MDYxMzA1OTcx?hl=ko&gl=KR&ceid=KR%3Ako
2,1월 물가상승률 13개월만에 1%대로 반등,한겨레,2020-02-04T08:00:00,https://news.google.com./articles/CBMiP2h0dHBzOi8vd3d3LmhhbmkuY28ua3IvYXJ0aS9lY29ub215L2Vjb25vbXlfZ2VuZXJhbC85MjY5NTQuaHRtbNIBAA?hl=ko&gl=KR&ceid=KR%3Ako
3,물가 석달만에 상승…코로나·저유가·무상교육에 여전히 0%대(종합2보),한국경제,2020-08-04T07:00:00,https://news.google.com./articles/CAIiEDwUyyJCtkGFOR4lwkZtwykqGQgEKhAIACoHCAow0__cCjDUitABMMveiQI?uo=CAUiNmh0dHBzOi8vd3d3Lmhhbmt5dW5nLmNvbS9lY29ub215L2FydGljbGUvMjAyMDA4MDQwMjgxWdIBAA&hl=ko&gl=KR&ceid=KR%3Ako
4,8월 식품물가 상승률 22개국 중 3위…역대 최장 장마탓,매일신문,2020-09-16T07:00:00,https://news.google.com./articles/CBMiM2h0dHA6Ly9tbmV3cy5pbWFlaWwuY29tL0Vjb25vbXkvMjAyMDA5MTYwNzIzNTMzODg1N9IBAA?hl=ko&gl=KR&ceid=KR%3Ako
5,"감자 58%↑·쌀17%↑, 식량작물 가격 급등…밥상물가 비상",한국경제,2020-11-22T08:00:00,https://news.google.com./articles/CAIiEBOmJvBNgzcnVupz9yroBEEqGQgEKhAIACoHCAow0__cCjDUitABMMveiQI?uo=CAUiNmh0dHBzOi8vd3d3Lmhhbmt5dW5nLmNvbS9lY29ub215L2FydGljbGUvMjAyMDExMjI2MDg4adIBAA&hl=ko&gl=KR&ceid=KR%3Ako
6,곡물 가격 일제히 상승…불안한 밥상물가,한국경제,2020-11-22T08:49:57,https://news.google.com./articles/CAIiEBdtIkTq27n8cOqFZB9p_qQqGQgEKhAIACoHCAow0__cCjDUitABMMveiQI?uo=CAUiNmh0dHBzOi8vd3d3Lmhhbmt5dW5nLmNvbS9lY29ub215L2FydGljbGUvMjAyMDExMjI2NTgzMdIBAA&hl=ko&gl=KR&ceid=KR%3Ako
7,"'쌀값 30% 급등', 올 상반기 '쌀플레이션' 주의보…물가당국, 예의주시 - 조선비즈",조선비즈,2021-01-13T08:00:00,https://news.google.com./articles/CBMiR2h0dHBzOi8vYml6LmNob3N1bi5jb20vc2l0ZS9kYXRhL2h0bWxfZGlyLzIwMjEvMDEvMTIvMjAyMTAxMTIwMjM1OC5odG1s0gFWaHR0cHM6Ly9iaXouY2hvc3VuLmNvbS9zaXRlL2RhdGEvaHRtbF9kaXIvMjAyMS8wMS8xMi8yMDIxMDExMjAyMzU4Lmh0bWw_b3V0cHV0VHlwZT1hbXA?hl=ko&gl=KR&ceid=KR%3Ako
8,"""두 달 뒤 밥상에서 감자·토마토 못 볼 수 있습니다""",한국경제,2021-01-14T08:20:30,https://news.google.com./articles/CAIiEFXCA1p1qYz4qP5ONchImoIqGQgEKhAIACoHCAow0__cCjDUitABMMXcrgY?uo=CAUiNmh0dHBzOi8vd3d3Lmhhbmt5dW5nLmNvbS9lY29ub215L2FydGljbGUvMjAyMTAxMTQzNzEzMdIBAA&hl=ko&gl=KR&ceid=KR%3Ako
9,"이마트·SSG닷컴, 농식품부 손잡고 농산물 물가 안정 나선다",이코노믹리뷰,2021-01-28T08:00:00,https://news.google.com./articles/CBMiO2h0dHA6Ly93d3cuZWNvbm92aWxsLmNvbS9uZXdzL2FydGljbGVWaWV3Lmh0bWw_aWR4bm89NTE2OTQ10gEA?hl=ko&gl=KR&ceid=KR%3Ako
10,계란 한판 8000원 시대?...설 끝났지만 장바구니 물가 비상 - 조선비즈,조선비즈,2021-02-16T08:00:00,https://news.google.com./articles/CBMiR2h0dHBzOi8vYml6LmNob3N1bi5jb20vc2l0ZS9kYXRhL2h0bWxfZGlyLzIwMjEvMDIvMTYvMjAyMTAyMTYwMDcwMC5odG1s0gFWaHR0cHM6Ly9iaXouY2hvc3VuLmNvbS9zaXRlL2RhdGEvaHRtbF9kaXIvMjAyMS8wMi8xNi8yMDIxMDIxNjAwNzAwLmh0bWw_b3V0cHV0VHlwZT1hbXA?hl=ko&gl=KR&ceid=KR%3Ako
11,고구마·브로콜리 너마저?…가락시장 울려퍼진 '갈등의 노래',한겨레,2021-08-17T07:00:00,https://news.google.com./articles/CBMiNWh0dHBzOi8vd3d3LmhhbmkuY28ua3IvYXJ0aS9hcmVhL2NhcGl0YWwvMTAwNzkyMi5odG1s0gEA?hl=ko&gl=KR&ceid=KR%3Ako
12,아트인사이트 – [오피니언] 겨울 간식 보고서 (1) [음식],아트인사이트,2021-10-22T07:00:00,https://news.google.com./articles/CBMiM2h0dHBzOi8vd3d3LmFydGluc2lnaHQuY28ua3IvbmV3cy92aWV3LnBocD9ubz01NjQ3NdIBAA?hl=ko&gl=KR&ceid=KR%3Ako
13,"""이렇게 예쁜 고구마 처음""…신품종 '소담미' 호평 이어져",한국경제,2021-10-27T07:00:00,https://news.google.com./articles/CAIiEATX8IH-ibDpE5VKsY1gpT4qGQgEKhAIACoHCAow0__cCjDUitABMP3bjQY?uo=CAUiNmh0dHBzOi8vd3d3Lmhhbmt5dW5nLmNvbS9zb2NpZXR5L2FydGljbGUvMjAyMTEwMjc3NjUxWdIBAA&hl=ko&gl=KR&ceid=KR%3Ako
14,고구마와 '찰떡궁합'인 우유·김치… 건강에는?,헬스조선,2021-10-27T07:00:00,https://news.google.com./articles/CBMiSmh0dHBzOi8vaGVhbHRoLmNob3N1bi5jb20vc2l0ZS9kYXRhL2h0bWxfZGlyLzIwMjEvMTAvMjcvMjAyMTEwMjcwMTg4Ni5odG1s0gEA?hl=ko&gl=KR&ceid=KR%3Ako
15,고구마 민주주의 : 칼럼 : 사설.칼럼 : 뉴스,한겨레,2021-11-11T08:00:00,https://news.google.com./articles/CBMiNWh0dHBzOi8vbS5oYW5pLmNvLmtyL2FydGkvb3Bpbmlvbi9jb2x1bW4vMTAxODk5My5odG1s0gEA?hl=ko&gl=KR&ceid=KR%3Ako
16,"[포토] 이마트24, 집에 쟁여 놓고 먹는 '가메골 왕만두·아이스군고구마' 출시",뉴데일리경제,2021-11-21T08:00:00,https://news.google.com./articles/CBMiR2h0dHBzOi8vYml6Lm5ld2RhaWx5LmNvLmtyL3NpdGUvZGF0YS9odG1sLzIwMjEvMTEvMjEvMjAyMTExMjEwMDA1Mi5odG1s0gEA?hl=ko&gl=KR&ceid=KR%3Ako
17,"'뜨끈뜨끈' 고구마, '이렇게' 먹어야 건강 - 당신의 건강가이드 헬스조선",헬스조선,2021-11-25T08:00:00,https://news.google.com./articles/CBMiSmh0dHBzOi8vaGVhbHRoLmNob3N1bi5jb20vc2l0ZS9kYXRhL2h0bWxfZGlyLzIwMjEvMTEvMjQvMjAyMTExMjQwMTMxNS5odG1s0gEA?hl=ko&gl=KR&ceid=KR%3Ako
18,"'고구마'로 아침 때우기, 위장 건강엔 毒",헬스조선,2021-12-15T08:00:00,https://news.google.com./articles/CBMiSmh0dHBzOi8vaGVhbHRoLmNob3N1bi5jb20vc2l0ZS9kYXRhL2h0bWxfZGlyLzIwMjEvMTIvMTQvMjAyMTEyMTQwMTA2Ny5odG1s0gEA?hl=ko&gl=KR&ceid=KR%3Ako
19,연말연시 편의점 마케팅…“집콕 준비물 여기 다있다”,이지경제,2021-12-23T08:00:00,https://news.google.com./articles/CBMiPWh0dHBzOi8vd3d3LmV6eWVjb25vbXkuY29tL25ld3MvYXJ0aWNsZVZpZXcuaHRtbD9pZHhubz0xMTUzMDnSAQA?hl=ko&gl=KR&ceid=KR%3Ako
20,만 원짜리 군고구마에 줄 서는 긴자,한국경제,2021-12-27T08:54:04,https://news.google.com./articles/CAIiEGlKWrR1bDcS14m0QYl4SHMqGQgEKhAIACoHCAow0__cCjDUitABMKO_jQY?uo=CAUiPWh0dHBzOi8vd3d3Lmhhbmt5dW5nLmNvbS90aGVwZW4vbGlmZWlzdC9hcnRpY2xlLzIwMjExMjI3NzMxMFHSAQA&hl=ko&gl=KR&ceid=KR%3Ako
21,"군고구마 통바비큐, 군고구마통에 구워 육즙 가득 풍미UP('2TV 생생정보')",한국경제,2022-01-10T08:00:00,https://news.google.com./articles/CBMiPGh0dHBzOi8vd3d3Lmhhbmt5dW5nLmNvbS9lbnRlcnRhaW5tZW50L2FydGljbGUvMjAyMjAxMTA4Nzg3NNIBOGh0dHBzOi8vd3d3Lmhhbmt5dW5nLmNvbS9lbnRlcnRhaW5tZW50L2FtcC8yMDIyMDExMDg3ODc0?hl=ko&gl=KR&ceid=KR%3Ako
22,"삶거나, 굽거나, 그냥 먹거나… '고구마' 살 안 찌는 섭취법은?",헬스조선,2022-01-15T08:00:00,https://news.google.com./articles/CBMiSmh0dHBzOi8vaGVhbHRoLmNob3N1bi5jb20vc2l0ZS9kYXRhL2h0bWxfZGlyLzIwMjIvMDEvMTQvMjAyMjAxMTQwMDk3Ni5odG1s0gEA?hl=ko&gl=KR&ceid=KR%3Ako
23,그 많던 붕어빵 어디갔나…물가상승·코로나에 '붕세권' 앱도 등장,부산일보,2022-02-02T08:00:00,https://news.google.com./articles/CBMiP2h0dHA6Ly93d3cuYnVzYW4uY29tL3ZpZXcvYml6L3ZpZXcucGhwP2NvZGU9MjAyMjAxMjYxNDQ5MzY2NTMzNNIBAA?hl=ko&gl=KR&ceid=KR%3Ako
24,[시장동향]③겨울 정취 물씬 고구마 품은 먹거리 '손짓',산업경제뉴스,2022-02-02T08:00:00,https://news.google.com./articles/CBMiNWh0dHA6Ly93d3cuYml6bmV3cy5vci5rci9tb2JpbGUvYXJ0aWNsZS5odG1sP25vPTEyNTc10gEA?hl=ko&gl=KR&ceid=KR%3Ako
25,1월 소비자물가 3.6% ↑ 4개월 연속 3%대 상승‥외식비·집값·기름값 다 올라,데일리팝,2022-02-04T08:00:00,https://news.google.com./articles/CBMiOWh0dHBzOi8vd3d3LmRhaWx5cG9wLmtyL25ld3MvYXJ0aWNsZVZpZXcuaHRtbD9pZHhubz01NzY5ONIBAA?hl=ko&gl=KR&ceid=KR%3Ako
26,"맛있는 고구마, 누구나 쉽게 기를 수 있어요 : 충청 : 전국 : 뉴스",한겨레,2022-02-09T08:00:00,https://news.google.com./articles/CBMiOWh0dHBzOi8vd3d3LmhhbmkuY28ua3IvYXJ0aS9hcmVhL2NodW5nY2hlb25nLzEwMzAzOTguaHRtbNIBAA?hl=ko&gl=KR&ceid=KR%3Ako
27,"이마트, 바구니 물가 부담 줄이는 'e날 특가' 2차 행사 진행",데일리안,2022-02-24T08:00:00,https://news.google.com./articles/CBMiKWh0dHBzOi8vbS5kYWlsaWFuLmNvLmtyL25ld3Mvdmlldy8xMDg2NjY30gEA?hl=ko&gl=KR&ceid=KR%3Ako
28,장바구니 물가 잡기 나선 대형마트,아시아경제,2022-02-25T08:00:00,https://news.google.com./articles/CBMiMmh0dHBzOi8vY20uYXNpYWUuY28ua3IvYXJ0aWNsZS8yMDIyMDIyNTEzNTIzMjEyNTg30gE5aHR0cHM6Ly9jbS5hc2lhZS5jby5rci9hbXB2aWV3Lmh0bT9ubz0yMDIyMDIyNTEzNTIzMjEyNTg3?hl=ko&gl=KR&ceid=KR%3Ako
29,[말글살이] 선입견 : 칼럼 : 사설.칼럼 : 뉴스,한겨레,2022-02-27T08:00:00,https://news.google.com./articles/CBMiN2h0dHBzOi8vd3d3LmhhbmkuY28ua3IvYXJ0aS9vcGluaW9uL2NvbHVtbi8xMDMyNzczLmh0bWzSAQA?hl=ko&gl=KR&ceid=KR%3Ako
30,기름값·외식비 계속 오른다…물가 5개월째 3%대 '고공행진',안전저널,2022-03-04T08:00:00,https://news.google.com./articles/CBMiOGh0dHBzOi8vd3d3LmFuanVuai5jb20vbmV3cy9hcnRpY2xlVmlldy5odG1sP2lkeG5vPTMyMTk20gEA?hl=ko&gl=KR&ceid=KR%3Ako
31,막걸리·휘발유까지 몽땅 올랐다… 경남 소비자물가 1년 넘게 상승,김해뉴스,2022-03-08T08:00:00,https://news.google.com./articles/CBMiPWh0dHA6Ly93d3cuZ2ltaGFlbmV3cy5jby5rci9uZXdzL2FydGljbGVWaWV3Lmh0bWw_aWR4bm89NDUwNzLSAQA?hl=ko&gl=KR&ceid=KR%3Ako
32,당도 높고 병에 강한 호박고구마 '호풍미' 나왔다,한국농어민신문,2022-03-08T08:00:00,https://news.google.com./articles/CBMiO2h0dHA6Ly93d3cuYWdyaW5ldC5jby5rci9uZXdzL2FydGljbGVWaWV3Lmh0bWw_aWR4bm89MzA3NzI20gEA?hl=ko&gl=KR&ceid=KR%3Ako
33,썩은 고구마 쇼핑몰 보상은?,금강일보,2022-03-17T07:00:00,https://news.google.com./articles/CBMiOGh0dHA6Ly93d3cuZ2dpbGJvLmNvbS9uZXdzL2FydGljbGVWaWV3Lmh0bWw_aWR4bm89OTAxNjg40gE7aHR0cDovL3d3dy5nZ2lsYm8uY29tL25ld3MvYXJ0aWNsZVZpZXdBbXAuaHRtbD9pZHhubz05MDE2ODg?hl=ko&gl=KR&ceid=KR%3Ako
34,"'사내맞선' 고구마는 없다…안효섭♥김세정, 깜짝 키스 엔딩",한국경제,2022-03-22T07:00:00,https://news.google.com./articles/CAIiEHz8nSs0x89GBLA_WPYmmkEqGQgEKhAIACoHCAow0__cCjDUitABMLDAjQY?uo=CAUiPGh0dHBzOi8vd3d3Lmhhbmt5dW5nLmNvbS9lbnRlcnRhaW5tZW50L2FydGljbGUvMjAyMjAzMjIwODYwSNIBAA&hl=ko&gl=KR&ceid=KR%3Ako
35,경유 37.9%·치킨 8.3%↑…10년 3개월만에 물가 4%대(종합2보),뉴시스,2022-04-02T07:00:00,https://news.google.com./articles/CBMiQWh0dHBzOi8vbW9iaWxlLm5ld3Npcy5jb20vdmlldy5odG1sP2FyX2lkPU5JU1gyMDIyMDQwMl8wMDAxODE4MDIw0gEA?hl=ko&gl=KR&ceid=KR%3Ako
36,전쟁·기후변화발 곡물대란 오는데…비축대책 손놓은 한국,매일경제,2022-04-07T08:55:39,https://news.google.com./articles/CAIiEIAymBH942wn9i6Sy_h7vLwqGQgEKhAIACoHCAow2t-aCDDArqABMNST5AU?uo=CAUiNmh0dHBzOi8vd3d3Lm1rLmNvLmtyL25ld3MvZWNvbm9teS92aWV3LzIwMjIvMDQvMzE0OTc4L9IBAA&hl=ko&gl=KR&ceid=KR%3Ako
37,당진지역 소비자 물가 분석휘발유 2000원대…1만 원 주고 갈 식당 없어,당진시대,2022-04-08T07:00:00,https://news.google.com./articles/CBMiOGh0dHA6Ly9tLmRqdGltZXMuY28ua3IvbmV3cy9hcnRpY2xlVmlldy5odG1sP2lkeG5vPTkyMTYy0gEA?hl=ko&gl=KR&ceid=KR%3Ako
38,"[주말쇼핑정보] 홈플러스‧롯데마트‧이마트, '물가 부담 낮추자'",뉴스투데이,2022-04-15T07:00:00,https://news.google.com./articles/CBMiMWh0dHBzOi8vd3d3Lm5ld3MyZGF5LmNvLmtyL2FydGljbGUvMjAyMjA0MTU1MDAwOTPSAQA?hl=ko&gl=KR&ceid=KR%3Ako
39,“이렇게 주문했는데 14만 원”…천정부지 치솟는 상하이 물가,동아일보,2022-04-15T07:00:00,https://news.google.com./articles/CBMiQWh0dHBzOi8vd3d3LmRvbmdhLmNvbS9uZXdzL0ludGVyL2FydGljbGUvYWxsLzIwMjIwNDE1LzExMjkwMTM1OC8y0gE3aHR0cHM6Ly93d3cuZG9uZ2EuY29tL25ld3MvYW1wL2FsbC8yMDIyMDQxNS8xMTI5MDEzNTgvMg?hl=ko&gl=KR&ceid=KR%3Ako
40,식량자급률 내년부터 꺾인다,매일경제,2022-04-15T08:48:15,https://news.google.com./articles/CAIiEMOL8NWCTa7mGHZ8xsdFi_UqGQgEKhAIACoHCAow2t-aCDDArqABMNST5AU?uo=CAUiNmh0dHBzOi8vd3d3Lm1rLmNvLmtyL25ld3MvZWNvbm9teS92aWV3LzIwMjIvMDQvMzM5NDEzL9IBAA&hl=ko&gl=KR&ceid=KR%3Ako
41,이 시국에 한우가 50% 할인?…대형마트 이벤트 쏟아진다,매일경제,2022-04-27T07:00:00,https://news.google.com./articles/CBMiNmh0dHBzOi8vd3d3Lm1rLmNvLmtyL25ld3MvZWNvbm9teS92aWV3LzIwMjIvMDQvMzc1OTYxL9IBOGh0dHBzOi8vbS5tay5jby5rci9uZXdzL2Vjb25vbXkvdmlldy1hbXAvMjAyMi8wNC8zNzU5NjEv?hl=ko&gl=KR&ceid=KR%3Ako
42,"이디야, ‘하와이안 스퀘어 피자’ ‘불닭 고구마 스퀘어 피자’ 출시",한국경제,2022-04-29T07:00:00,https://news.google.com./articles/CBMiM2h0dHBzOi8vd3d3Lmhhbmt5dW5nLmNvbS9uZXdzL2FydGljbGUvMjAyMjA0MjkxNjMxM9IBL2h0dHBzOi8vd3d3Lmhhbmt5dW5nLmNvbS9uZXdzL2FtcC8yMDIyMDQyOTE2MzEz?hl=ko&gl=KR&ceid=KR%3Ako
43,피 대신 흙 묻히는 삶 : 칼럼 : 사설.칼럼 : 뉴스,한겨레,2022-05-01T07:00:00,https://news.google.com./articles/CBMiNWh0dHBzOi8vbS5oYW5pLmNvLmtyL2FydGkvb3Bpbmlvbi9jb2x1bW4vMTA0MTA5NC5odG1s0gEA?hl=ko&gl=KR&ceid=KR%3Ako
44,[식량 위기 대응 방안] 업계 비용 부담 완화-물가 안정화 정책 절실,식품음료신문,2022-05-02T07:00:00,https://news.google.com./articles/CBMiPWh0dHBzOi8vd3d3LnRoaW5rZm9vZC5jby5rci9uZXdzL2FydGljbGVWaWV3Lmh0bWw_aWR4bm89OTQ0MzDSAQA?hl=ko&gl=KR&ceid=KR%3Ako
45,4월 소비자물가 4.8%↑…금융위기 이후 최고,쿠키뉴스,2022-05-03T07:00:00,https://news.google.com./articles/CBMiMWh0dHBzOi8vd3d3Lmt1a2luZXdzLmNvbS9uZXdzVmlldy9rdWsyMDIyMDUwMzAwMTDSAQA?hl=ko&gl=KR&ceid=KR%3Ako
46,[영상 : THISCovery] 게난마씸? '우리들의 블루스' 제주 사투리 탐구 생활!,한겨레,2022-05-03T07:00:00,https://news.google.com./articles/CBMiPmh0dHBzOi8vbS5oYW5pLmNvLmtyL2FydGkvc29jaWV0eS9zb2NpZXR5X2dlbmVyYWwvMTA0MTMxNy5odG1s0gEA?hl=ko&gl=KR&ceid=KR%3Ako
47,물가 고공행진 속에 나홀로 떨어지는 국산 채소 가격,경향신문,2022-05-05T07:00:00,https://news.google.com./articles/CBMiRGh0dHBzOi8vbS5raGFuLmNvLmtyL2Vjb25vbXkvZWNvbm9teS1nZW5lcmFsL2FydGljbGUvMjAyMjA1MDUxNjQ0MDAx0gFIaHR0cHM6Ly9tLmtoYW4uY28ua3IvZWNvbm9teS9lY29ub215LWdlbmVyYWwvYXJ0aWNsZS8yMDIyMDUwNTE2NDQwMDEvYW1w?hl=ko&gl=KR&ceid=KR%3Ako
48,중국 소비자물가 5개월 만에 2%대 진입 도시봉쇄·사재기 탓,아주경제,2022-05-11T07:00:00,https://news.google.com./articles/CAIiEMkdNHI_meIKQvd75v9l7egqFwgEKg8IACoHCAowooqjAjD-pEAwj-NL?uo=CAUiLmh0dHBzOi8vd3d3LmFqdW5ld3MuY29tL3ZpZXcvMjAyMjA1MTExMTMzNTUwNDbSAQA&hl=ko&gl=KR&ceid=KR%3Ako
49,"""한달간 비 한방울 안내렸다""…봄가뭄에 밭작물 타들어가",한국경제,2022-05-27T07:00:00,https://news.google.com./articles/CAIiEHNwbCk2OAB5mmgwBEJJvAYqGQgEKhAIACoHCAow0__cCjDUitABMMveiQI?uo=CAUiNmh0dHBzOi8vd3d3Lmhhbmt5dW5nLmNvbS9lY29ub215L2FydGljbGUvMjAyMjA1Mjc2NjI5WdIBAA&hl=ko&gl=KR&ceid=KR%3Ako
50,"진안군 4-H연합회, 마령면에 고구마밭 조성",무진장인터넷뉴스,2022-05-30T07:00:00,https://news.google.com./articles/CBMiM2h0dHA6Ly93d3cubWpqbmV3cy5uZXQvbW9iaWxlL2FydGljbGUuaHRtbD9ubz0yNjY3OdIBAA?hl=ko&gl=KR&ceid=KR%3Ako
51,5월 물가 14년 만에 최대…경유 45.8%·돼지고기 20.7%↑(종합2보),뉴시스,2022-06-03T07:00:00,https://news.google.com./articles/CBMiQWh0dHBzOi8vbW9iaWxlLm5ld3Npcy5jb20vdmlldy5odG1sP2FyX2lkPU5JU1gyMDIyMDUyOF8wMDAxODg4OTA20gEA?hl=ko&gl=KR&ceid=KR%3Ako
52,"이마트, 연휴 기간 물가안정 행사... 최대 50% 할인 - 조선비즈",조선비즈,2022-06-03T07:00:00,https://news.google.com./articles/CBMiUmh0dHBzOi8vYml6LmNob3N1bi5jb20vZGlzdHJpYnV0aW9uL2NoYW5uZWwvMjAyMi8wNi8wMy9VVlRIRFZMVUJOQjNGSlRBVDJKTk9KSzI1WS_SAWFodHRwczovL2Jpei5jaG9zdW4uY29tL2Rpc3RyaWJ1dGlvbi9jaGFubmVsLzIwMjIvMDYvMDMvVVZUSERWTFVCTkIzRkpUQVQySk5PSksyNVkvP291dHB1dFR5cGU9YW1w?hl=ko&gl=KR&ceid=KR%3Ako
53,[무엇이든 물어보세요] Q. 교과서에도 나오는 함평 고구마 사건이 무엇인가요?,한국농정신문,2022-06-05T07:00:00,https://news.google.com./articles/CBMiOGh0dHA6Ly93d3cuaWtwbmV3cy5uZXQvbmV3cy9hcnRpY2xlVmlldy5odG1sP2lkeG5vPTQ3NjMz0gEA?hl=ko&gl=KR&ceid=KR%3Ako
54,"시금치 62%·배추 43% 올랐는데…""농산물 대란, 이제 시작일 뿐""",한국경제,2022-06-05T08:48:59,https://news.google.com./articles/CAIiEBixv_lnTo6zc5Vv2scp3KIqGQgEKhAIACoHCAow0__cCjDUitABMP3bjQY?uo=CAUiNmh0dHBzOi8vd3d3Lmhhbmt5dW5nLmNvbS9zb2NpZXR5L2FydGljbGUvMjAyMjA2MDU0ODE1MdIBAA&hl=ko&gl=KR&ceid=KR%3Ako
55,기상청 통계 50년래 최악 가뭄… 농민들 “올해 농사 망했다” - 조선비즈,조선비즈,2022-06-07T07:00:00,https://news.google.com./articles/CBMiUmh0dHBzOi8vYml6LmNob3N1bi5jb20vdG9waWNzL3RvcGljc19zb2NpYWwvMjAyMi8wNi8wNy9CN0VFV0FZSzVCRFFOSDVQVUdJTEhMWExWTS_SAWFodHRwczovL2Jpei5jaG9zdW4uY29tL3RvcGljcy90b3BpY3Nfc29jaWFsLzIwMjIvMDYvMDcvQjdFRVdBWUs1QkRRTkg1UFVHSUxITFhMVk0vP291dHB1dFR5cGU9YW1w?hl=ko&gl=KR&ceid=KR%3Ako
56,소득 절반이 식비‥감당 안 되는 '밥값',MBC뉴스,2022-06-08T07:00:00,https://news.google.com./articles/CBMiRWh0dHBzOi8vaW1uZXdzLmltYmMuY29tL3JlcGxheS8yMDIyL253MTIwMC9hcnRpY2xlLzYzNzY1NzBfMzU3MTUuaHRtbNIBRWh0dHBzOi8vaW1uZXdzLmltYmMuY29tL3JlcGxheS8yMDIyL253MTIwMC9hcnRpY2xlLzYzNzY1NzBfMzU3MTYuaHRtbA?hl=ko&gl=KR&ceid=KR%3Ako
57,전남매일,전남매일,2022-06-12T07:00:00,https://news.google.com./articles/CBMiNWh0dHA6Ly9tLmpuZG4uY29tL2FydGljbGUucGhwP2FpZD0xNjU1MDIwODc5MzM4MzIyMTA40gEA?hl=ko&gl=KR&ceid=KR%3Ako
58,'사이다'만으로 허기 채울 수 없다…'고구마' 문재인에게 배워야할 것,한겨레,2022-06-12T07:00:00,https://news.google.com./articles/CBMiQmh0dHBzOi8vd3d3LmhhbmkuY28ua3IvYXJ0aS9wb2xpdGljcy9wb2xpdGljc19nZW5lcmFsLzEwNDY2MDQuaHRtbNIBAA?hl=ko&gl=KR&ceid=KR%3Ako
59,"양배추·감자·무 등 채소 가격 '껑충', 고구마·양파·토마토 '하락'",한국농어촌방송,2022-06-14T07:00:00,https://news.google.com./articles/CBMiNmh0dHA6Ly93d3cubmV3c2tyLmtyL25ld3MvYXJ0aWNsZVZpZXcuaHRtbD9pZHhubz03ODIyMdIBOWh0dHA6Ly93d3cubmV3c2tyLmtyL25ld3MvYXJ0aWNsZVZpZXdBbXAuaHRtbD9pZHhubz03ODIyMQ?hl=ko&gl=KR&ceid=KR%3Ako
60,"메가마트, 전 상품 할인 ‘메가블랙데이’ 개최",부산제일경제,2022-06-15T07:00:00,https://news.google.com./articles/CBMiPmh0dHA6Ly93d3cuYnVzYW5lY29ub215LmNvbS9uZXdzL2FydGljbGVWaWV3Lmh0bWw_aWR4bm89MjgyMTcw0gFCaHR0cHM6Ly93d3cuYnVzYW5lY29ub215LmNvbS9uZXdzL2FydGljbGVWaWV3QW1wLmh0bWw_aWR4bm89MjgyMTcw?hl=ko&gl=KR&ceid=KR%3Ako
61,점심은 '편의점 구독 쿠폰'으로…'런치플레이션' 견뎌내는 법,한겨레,2022-06-21T07:00:00,https://news.google.com./articles/CBMiOWh0dHBzOi8vd3d3LmhhbmkuY28ua3IvYXJ0aS9lY29ub215L2NvbnN1bWVyLzEwNDc2NTguaHRtbNIBAA?hl=ko&gl=KR&ceid=KR%3Ako
62,"한은 부총재 ""기대인플레 확산 방지에 통화정책 주안점 둬야""",한국경제,2022-06-23T07:00:00,https://news.google.com./articles/CAIiENIh6TOVnm9wPSE_S0u8RgYqGQgEKhAIACoHCAow0__cCjDUitABMMveiQI?uo=CAUiNmh0dHBzOi8vd3d3Lmhhbmt5dW5nLmNvbS9lY29ub215L2FydGljbGUvMjAyMjA2MjMwMTMzWdIBAA&hl=ko&gl=KR&ceid=KR%3Ako
63,외환위기 이후 24년 만에 최악…6월 소비자물가 6% 뛰었다,쿠키뉴스,2022-07-05T07:00:00,https://news.google.com./articles/CBMiMWh0dHBzOi8vd3d3Lmt1a2luZXdzLmNvbS9uZXdzVmlldy9rdWsyMDIyMDcwNTAwMTHSAQA?hl=ko&gl=KR&ceid=KR%3Ako
64,"'고구마 야구' 토론토, 강타선은 어디로 사라졌나 - 조선비즈",조선비즈,2022-07-09T07:00:00,https://news.google.com./articles/CBMiU2h0dHBzOi8vYml6LmNob3N1bi5jb20vc3BvcnRzL3dvcmxkLWJhc2ViYWxsLzIwMjIvMDcvMDkvS1NZQzRJRTJYWDNYNzZXRFRTQ1ZRWk83Qk0v0gFiaHR0cHM6Ly9iaXouY2hvc3VuLmNvbS9zcG9ydHMvd29ybGQtYmFzZWJhbGwvMjAyMi8wNy8wOS9LU1lDNElFMlhYM1g3NldEVFNDVlFaTzdCTS8_b3V0cHV0VHlwZT1hbXA?hl=ko&gl=KR&ceid=KR%3Ako
65,"공덕농협, 김제 '햇밤 고구마' 12일 라이브커머스서 판매",뉴시스,2022-07-11T07:00:00,https://news.google.com./articles/CBMiQWh0dHBzOi8vbW9iaWxlLm5ld3Npcy5jb20vdmlldy5odG1sP2FyX2lkPU5JU1gyMDIyMDcxMV8wMDAxOTM4NTcy0gEA?hl=ko&gl=KR&ceid=KR%3Ako
66,물가상승 20년래 최고..런치플레이션 극복 도우미 '눈길',산업경제뉴스,2022-07-12T07:00:00,https://news.google.com./articles/CBMiNWh0dHA6Ly93d3cuYml6bmV3cy5vci5rci9tb2JpbGUvYXJ0aWNsZS5odG1sP25vPTEzMTQy0gEA?hl=ko&gl=KR&ceid=KR%3Ako
67,"가격 안오른 게 없다는데…""고구마는 왜 싸죠?"" [박종관의 유통관통]",한국경제,2022-07-15T07:00:00,https://news.google.com./articles/CAIiELdN2-ygkcz2oo5qCZc3E8QqGQgEKhAIACoHCAow0__cCjDUitABMMveiQI?uo=CAUiNmh0dHBzOi8vd3d3Lmhhbmt5dW5nLmNvbS9lY29ub215L2FydGljbGUvMjAyMjA3MTUwNDg4adIBAA&hl=ko&gl=KR&ceid=KR%3Ako
68,'우영우 김밥' 가격 논란…이것도 인플레이션 때문?,한국경제,2022-07-15T07:49:58,https://news.google.com./articles/CAIiEA81CQRmbgurudtSUb7IYeYqGQgEKhAIACoHCAow0__cCjDUitABMMveiQI?uo=CAUiNmh0dHBzOi8vd3d3Lmhhbmt5dW5nLmNvbS9lY29ub215L2FydGljbGUvMjAyMjA3MTUxNjA5N9IBAA&hl=ko&gl=KR&ceid=KR%3Ako
69,[ESC] 오이 친구 참외는 참 쓸모도 많지,한겨레,2022-07-16T07:00:00,https://news.google.com./articles/CBMiQ2h0dHBzOi8vd3d3LmhhbmkuY28ua3IvYXJ0aS9zcGVjaWFsc2VjdGlvbi9lc2Nfc2VjdGlvbi8xMDUxMTYzLmh0bWzSAQA?hl=ko&gl=KR&ceid=KR%3Ako
70,축산물 동향도 한눈에…'팜에어·한경'의 진화,한국경제,2022-07-18T08:19:00,https://news.google.com./articles/CAIiEMFOaG7HNt4EZsEm235TLj0qGQgEKhAIACoHCAow0__cCjDUitABMMveiQI?uo=CAUiNmh0dHBzOi8vd3d3Lmhhbmt5dW5nLmNvbS9lY29ub215L2FydGljbGUvMjAyMjA3MTg2MjQ5MdIBAA&hl=ko&gl=KR&ceid=KR%3Ako
71,"피자 주문할 때, 선택 아닌 필수 사이드 메뉴 추천",아시아경제,2022-07-20T07:00:00,https://news.google.com./articles/CBMiMmh0dHBzOi8vY20uYXNpYWUuY28ua3IvYXJ0aWNsZS8yMDIyMDYyODE1NTAzOTk3ODQ10gE5aHR0cHM6Ly9jbS5hc2lhZS5jby5rci9hbXB2aWV3Lmh0bT9ubz0yMDIyMDYyODE1NTAzOTk3ODQ1?hl=ko&gl=KR&ceid=KR%3Ako
72,정책주간지 공감,정책주간지 공감,2022-07-24T07:00:00,https://news.google.com./articles/CBMiPGh0dHBzOi8vZ29uZ2dhbS5rb3JlYS5rci9uZXdzVmlldy5kbz9uZXdzSWQ9R0FKcHpSeHgwRERHSjAwMNIBAA?hl=ko&gl=KR&ceid=KR%3Ako
73,"한국은행, 고물가 고착화 우려…“물가·임금 상승 연쇄적으로 일어나”",농민신문,2022-07-25T07:00:00,https://news.google.com./articles/CBMiM2h0dHBzOi8vbS5ub25nbWluLmNvbS9uZXdzL05FV1MvRUNPL0ZOQy8zNTk4Mjcvdmlld9IBAA?hl=ko&gl=KR&ceid=KR%3Ako
74,7월 소비자물가 상승률 6.3%···외환위기 이후 최대,경향신문,2022-08-02T07:00:00,https://news.google.com./articles/CAIiEAjlamkce7ys0kKTULG4kWIqMwgEKioIACIQaumgPuIS3fQ-PHwmf177hyoUCAoiEGrpoD7iEt30Pjx8Jn9e-4cwkoDlBg?uo=CAUiRGh0dHBzOi8vbS5raGFuLmNvLmtyL2Vjb25vbXkvZWNvbm9teS1nZW5lcmFsL2FydGljbGUvMjAyMjA4MDIwODAwMDAx0gEA&hl=ko&gl=KR&ceid=KR%3Ako
75,광주·전남 소비자물가 상승률 IMF 이후 ´역대급´,무등일보,2022-08-02T07:00:00,https://news.google.com./articles/CBMiKGh0dHA6Ly9tLm1kaWxiby5jb20vZGV0YWlsL0REQXVxMC82NzUyMjjSAQA?hl=ko&gl=KR&ceid=KR%3Ako
76,'金값' 채소에 식탁물가 비상…민생대책 효과 낼까,뉴시스,2022-08-03T07:00:00,https://news.google.com./articles/CBMiQWh0dHBzOi8vbW9iaWxlLm5ld3Npcy5jb20vdmlldy5odG1sP2FyX2lkPU5JU1gyMDIyMDgwM18wMDAxOTY1OTIz0gEA?hl=ko&gl=KR&ceid=KR%3Ako
77,치솟는 물가로 점심값 부담… 저렴한 외식 메뉴 인기,제일창업경제신문,2022-08-03T07:00:00,https://news.google.com./articles/CBMiK2h0dHA6Ly9mY25ld3MuY28ua3IvbS9wYWdlL3ZpZXcucGhwP25vPTI5NDbSAQA?hl=ko&gl=KR&ceid=KR%3Ako
78,"오리온, '무뚝뚝고구마칩' 출시-조세일보모바일",조세일보,2022-08-03T07:00:00,https://news.google.com./articles/CBMiMWh0dHA6Ly9tLmpvc2VpbGJvLmNvbS9uZXdzL3ZpZXcuaHRtP25ld3NpZD00NjIzODbSAQA?hl=ko&gl=KR&ceid=KR%3Ako
79,해남 고구마 먹인 돼지고기 '땅끝포크' 홍콩 첫 수출,뉴시스,2022-08-04T07:00:00,https://news.google.com./articles/CBMiQWh0dHBzOi8vbW9iaWxlLm5ld3Npcy5jb20vdmlldy5odG1sP2FyX2lkPU5JU1gyMDIyMDgwNF8wMDAxOTY3NTY20gEA?hl=ko&gl=KR&ceid=KR%3Ako
80,치솟는 외식물가에 HMR로 진화한 떡볶이 '봇물',이투데이,2022-08-05T07:00:00,https://news.google.com./articles/CAIiEFYYOT_ek3VNEOBzH0M6REwqGQgEKhAIACoHCAowsuLcCjDz7M4BMNbShgI?uo=CAUiKmh0dHBzOi8vd3d3LmV0b2RheS5jby5rci9uZXdzL3ZpZXcvMjE2MDg2MNIBAA&hl=ko&gl=KR&ceid=KR%3Ako
81,"김제시 백산면 고구마박사 농장, 김제시에 고구마 500상자 기부",전북도민일보,2022-08-06T07:00:00,https://news.google.com./articles/CBMiUGh0dHBzOi8vd3d3LmRvbWluLmNvLmtyL25ld3MvYXJ0aWNsZVZpZXcuaHRtbD9pZHhubz0xMzkxNzAxJnNjX3NlY3Rpb25fY29kZT1TMU410gEA?hl=ko&gl=KR&ceid=KR%3Ako
82,"박순애, 한달 만에 '사퇴'…윤 대통령 무리수, 혼란만 남겼다",한겨레,2022-08-08T07:00:00,https://news.google.com./articles/CBMiOmh0dHBzOi8vd3d3LmhhbmkuY28ua3IvYXJ0aS9zb2NpZXR5L3NjaG9vbGluZy8xMDUzOTM4Lmh0bWzSAQA?hl=ko&gl=KR&ceid=KR%3Ako
83,'77일째' 복지부 장관 없는 나라…정책·인사 모두 '멈춤',한겨레,2022-08-09T07:00:00,https://news.google.com./articles/CBMiN2h0dHBzOi8vd3d3LmhhbmkuY28ua3IvYXJ0aS9zb2NpZXR5L2hlYWx0aC8xMDU0MDkyLmh0bWzSAQA?hl=ko&gl=KR&ceid=KR%3Ako
84,"요마트 ""전남 신선 채소 최대 33% 할인""",ZD넷 코리아,2022-08-10T07:00:00,https://news.google.com./articles/CBMiK2h0dHBzOi8vemRuZXQuY28ua3Ivdmlldy8_bm89MjAyMjA4MTAwODQ2MDbSAQA?hl=ko&gl=KR&ceid=KR%3Ako
85,폭우로 농작물 침수도…채솟값 폭등에 추석물가 비상,경기매일,2022-08-11T07:00:00,https://news.google.com./articles/CBMiOWh0dHA6Ly93d3cua2dtYWVpbC5uZXQvbmV3cy9hcnRpY2xlVmlldy5odG1sP2lkeG5vPTI5OTg3MNIBAA?hl=ko&gl=KR&ceid=KR%3Ako
86,"[영상] 주호영 ""쌀은 중요한데... 물가 오르고 쌀값 떨어져""",일요서울,2022-08-12T07:00:00,https://news.google.com./articles/CBMiPmh0dHBzOi8vd3d3LmlseW9zZW91bC5jby5rci9uZXdzL2FydGljbGVWaWV3Lmh0bWw_aWR4bm89NDY2MDIz0gEA?hl=ko&gl=KR&ceid=KR%3Ako
87,"영주 농특산품, 추석 대목 수도권 시장 공략영주 농특산품, 추석 대목 수도권 시장 공략",영주인터넷방송,2022-08-19T07:00:00,https://news.google.com./articles/CBMiQ2h0dHA6Ly93d3cuaXliYy5jby5rci9mcm9udC9uZXdzL3ZpZXcuZG8_YXJ0aWNsZUlkPUFSVElDTEVfMDAwMjMyODnSAQA?hl=ko&gl=KR&ceid=KR%3Ako
88,익산시 마을전자상거래 ‘추석 기획전’,전북일보,2022-08-24T07:00:00,https://news.google.com./articles/CBMiKmh0dHBzOi8vd3d3LmpqYW4ua3IvYXJ0aWNsZS8yMDIyMDgyNDU4MDE0MdIBLWh0dHBzOi8vd3d3LmpqYW4ua3IvYXJ0aWNsZUFtcC8yMDIyMDgyNDU4MDE0MQ?hl=ko&gl=KR&ceid=KR%3Ako
89,"물가: 5개국, 5가지 음식으로 본 전세계 '인플레' 비상",BBC News 코리아,2022-08-26T07:00:00,https://news.google.com./articles/CBMiLGh0dHBzOi8vd3d3LmJiYy5jb20va29yZWFuL2ZlYXR1cmVzLTYyNjQyMzM00gEwaHR0cHM6Ly93d3cuYmJjLmNvbS9rb3JlYW4vZmVhdHVyZXMtNjI2NDIzMzQuYW1w?hl=ko&gl=KR&ceid=KR%3Ako
90,일주일 앞으로 다가온 추석...“농수축산물 최대 50% 저렴하게 구매하세요”,e대한경제,2022-08-30T07:00:00,https://news.google.com./articles/CAIiENiaEcqTe7yOrHUJhMsUb4IqGQgEKhAIACoHCAow8ZKhCzCJnbkDMPmt-AY?uo=CAUiQmh0dHBzOi8vd3d3LmRuZXdzLmNvLmtyL3VodG1sL3ZpZXcuanNwP2lkeG5vPTIwMjIwODMwMTQyMjI5NDQ2MDA0MNIBAA&hl=ko&gl=KR&ceid=KR%3Ako
91,"오영훈 지사, 추석명절 민생 현장소통…물가안정 만전",제주도민일보,2022-09-02T07:00:00,https://news.google.com./articles/CBMiPWh0dHA6Ly93d3cuamVqdWRvbWluLmNvLmtyL25ld3MvYXJ0aWNsZVZpZXcuaHRtbD9pZHhubz0yMTI0ODfSAQA?hl=ko&gl=KR&ceid=KR%3Ako
92,"[무예신문] 농어민 돕기 직거래장터, 서울 올림픽공원서 열려",무예신문,2022-09-05T04:41:00,https://news.google.com./articles/CBMiGmh0dHA6Ly93d3cubW9veWUubmV0LzIwMzA20gEA?hl=ko&gl=KR&ceid=KR%3Ako
93,[시론] 농축산물 물가대책에 대한 단상,농민신문,2022-09-05T07:00:00,https://news.google.com./articles/CBMiNWh0dHBzOi8vbS5ub25nbWluLmNvbS9vcGluaW9uL09QUC9TV0UvVE1FLzM2MjM2NC92aWV30gEA?hl=ko&gl=KR&ceid=KR%3Ako
94,[르포] 추석 코앞인데 천 원 하던 무 하나가 5천 원…'가락시장의 비명',NEWS더원,2022-09-07T13:16:04,https://news.google.com./articles/CAIiEJU2xks-SIaKzUqnnxaIVXsqGQgEKhAIACoHCAowpL2jCzDnx7sDMO-ghAc?uo=CAUiPGh0dHA6Ly93d3cubmV3c3RoZW9uZS5jb20vbmV3cy9hcnRpY2xlVmlldy5odG1sP2lkeG5vPTEwOTgxM9IBAA&hl=ko&gl=KR&ceid=KR%3Ako
95,청년을 위한 밥상은 없다 [쿠키청년기자단],쿠키뉴스,2022-09-09T21:01:01,https://news.google.com./articles/CBMiMWh0dHBzOi8vd3d3Lmt1a2luZXdzLmNvbS9uZXdzVmlldy9rdWsyMDIyMDkwOTAwMjPSAQA?hl=ko&gl=KR&ceid=KR%3Ako
96,"[뉴스줌 ] 광주시, 소상공인시장진흥공단 성남센터 '백년가게 및 소공인' 4개사 현판식 개최",뉴스줌,2022-09-13T02:39:00,https://news.google.com./articles/CBMiHWh0dHA6Ly93d3cubmV3c3pvb20ua3IvNTI2OTEy0gEA?hl=ko&gl=KR&ceid=KR%3Ako
97,"식품 가격 고공행진, 식단·쇼핑 패턴 바꿔",미주중앙일보,2022-09-14T11:18:24,https://news.google.com./articles/CBMiUWh0dHBzOi8vbmV3cy5rb3JlYWRhaWx5LmNvbS8yMDIyLzA5LzE0L2Vjb25vbXkvbGlmZWVjb25vbXkvMjAyMjA5MTQyMDE4MzMyODUuaHRtbNIBAA?hl=ko&gl=KR&ceid=KR%3Ako
98,[주말쇼핑정보] 홈플러스‧이마트‧삼성물산 패션부문…가을맞이 먹거리‧패션 할인,뉴스투데이,2022-09-16T02:17:00,https://news.google.com./articles/CBMiMWh0dHBzOi8vd3d3Lm5ld3MyZGF5LmNvLmtyL2FydGljbGUvMjAyMjA5MTY1MDAxMzjSAQA?hl=ko&gl=KR&ceid=KR%3Ako
99,"[끼니로그]치솟는 물가에 덜덜 떠는 우리, 쉬운 집밥이 답이다",경향신문,2022-09-16T21:30:00,https://news.google.com./articles/CBMiLGh0dHBzOi8vbS5raGFuLmNvLmtyL2FydGljbGUvMjAyMjA5MTcwNjMwMDAx0gFCaHR0cHM6Ly9tLmtoYW4uY28ua3IvbGlmZS9saWZlLWdlbmVyYWwvYXJ0aWNsZS8yMDIyMDkxNzA2MzAwMDEvYW1w?hl=ko&gl=KR&ceid=KR%3Ako